ID,Title,Creator,Views,Likes,Tiktok URL,Download URL
6850918630947933000,Scientific method ftw...or perhaps ftl in this case.,markrober,24.6 M,,https://www.tiktok.com/@markrober/video/6850918630947933446,https://v16m-default.akamaized.net/0d01883bdaeef8671def0b6aa6cd42c4/65c17429/video/tos/useast2a/tos-useast2a-ve-0068c001/6e654d514a9b417fbe91fc74ebccc5a9/?a=0&ch=0&cr=0&dr=0&lr=all&cd=0%7C0%7C0%7C0&cv=1&br=1528&bt=764&bti=OHYpOTY0Zik3OjlmOm01MzE6ZDQ0MDo%3D&cs=0&ds=6&ft=pK~tdMZj8Zmo0Lp8y94jVNUJ2CFrKsd.&mime_type=video_mp4&qs=0&rc=Nzc1NmlnaWZnOWc1OGk8ZEBpam90NjxnOjVvdjMzOzczM0BfNGIxNl9jXjQxMC9iMjJfYSNmYzFmNGpoaDZfLS0uMTZzcw%3D%3D&l=202402051749075F45E05A483B8134D471&btag=e00088000
6797461632730533000,Revenge is a dish best served with a toilet plunger at 40mph.,markrober,11 M,,https://www.tiktok.com/@markrober/video/6797461632730533126,https://v16m-default.akamaized.net/49dafc4ac116c58cc9bc7827acaf40ea/65c17427/video/tos/useast2a/tos-useast2a-ve-0068c001/ac931aa67ba84a98a43ef06c16c03533/?a=0&ch=0&cr=0&dr=0&lr=all&cd=0%7C0%7C0%7C0&cv=1&br=1910&bt=955&bti=OHYpOTY0Zik3OjlmOm01MzE6ZDQ0MDo%3D&cs=0&ds=6&ft=pK~tdMZj8Zmo0Kp8y94jVNUJ2CFrKsd.&mime_type=video_mp4&qs=0&rc=OGc0OGhpaTQ2NDk6OTdkZEBpam1laTVtZ25wczMzNjczM0BeX2MxLzQ2XmIxXzU2LmIzYSNrZGptcWpkcl5fLS02MTZzcw%3D%3D&l=202402051749436EF15B0767589B34A847&btag=e00088000
6885409072091254000,Introducing Devil's Toothpaste,markrober,9.3 M,,https://www.tiktok.com/@markrober/video/6885409072091254022,https://v16m-default.akamaized.net/6daaef54d99823ef0fb7fd348de11ba4/65c1756b/video/tos/useast2a/tos-useast2a-pve-0068/706897fc614a43be97b13aa37e06684d/?a=0&ch=0&cr=0&dr=0&lr=all&cd=0%7C0%7C0%7C0&cv=1&br=3212&bt=1606&bti=OHYpOTY0Zik3OjlmOm01MzE6ZDQ0MDo%3D&cs=0&ds=6&ft=pK~tdMZj8Zmo0qIvy94jVNUJ2CFrKsd.&mime_type=video_mp4&qs=0&rc=ODg2ZjdnaDQ2ZzM0NDk2aEBpM28zbGdzMzd4eDMzPDczM0BjNmA1YGExXl4xLWFiXmMtYSNkZTBhcHM1MzNfLS1fMTZzcw%3D%3D&l=20240205175436F857C66C05E112347BA2&btag=e00088000
7311735206807997000,Gliitterbomb 6.0. The FINAL edition. ,markrober,468.6 K,,https://www.tiktok.com/@markrober/video/7311735206807997727,https://v16m-default.akamaized.net/c371c8d00b9f72bb5561de1019f9e414/65c175ce/video/tos/maliva/tos-maliva-ve-0068c799-us/oIuQIEGO4nKAEU2gl2EuCFeIjIIDOABqLIfRfC/?a=0&ch=0&cr=0&dr=0&lr=all&cd=0%7C0%7C0%7C0&cv=1&br=1888&bt=944&bti=OHYpOTY0Zik3OjlmOm01MzE6ZDQ0MDo%3D&cs=0&ds=6&ft=pK~tdMZj8Zmo0gCvy94jVNUJ2CFrKsd.&mime_type=video_mp4&qs=0&rc=aTU7Zjg2OmRoNzllODM3OkBpMzVxbm05cm07bzMzaTczNEBhMTFeLy9hXl4xMjA2XmBiYSMvcmhnMmRrLXBgLS1kMTJzcw%3D%3D&l=20240205175601581B8DF17AC9DB3562C9&btag=e00088000
7310407103968038000,"#ad I wanted to see if Bard with Gemini Pro could make a better Mark Rober video than me, Mark Rober.  #Bard @Google #ad",markrober,17.9 M,,https://www.tiktok.com/@markrober/video/7310407103968038174,https://v16m-default.akamaized.net/74d913bad2118a269f9df9746b77efcd/65c175d0/video/tos/maliva/tos-maliva-ve-0068c799-us/oEqzoxQiN6RqQEpIdBilAyJBAnV1GETKfecEyz/?a=0&ch=0&cr=0&dr=0&lr=all&cd=0%7C0%7C0%7C0&cv=1&br=1754&bt=877&bti=OHYpOTY0Zik3OjlmOm01MzE6ZDQ0MDo%3D&cs=0&ds=6&ft=pK~tdMZj8Zmo0cCvy94jVNUJ2CFrKsd.&mime_type=video_mp4&qs=0&rc=NDM8OmZpZTxmNDo5N2gzOUBpamRleG05cm52bzMzaTczNEAwLjAwNS1jXjUxYWI2YF4zYSNnMmlsMmRjZG1gLS1kMTJzcw%3D%3D&l=2024020517560479A63D82E187A133D971&btag=e00088000
7308082055789825000,My buddy @Fede visited me from Mexico City and things escalated quickly...,markrober,811.9 K,,https://www.tiktok.com/@markrober/video/7308082055789825323,https://v16m-default.akamaized.net/4d7e6ef8eba07124fc6aafe1cabb50c2/65c17600/video/tos/maliva/tos-maliva-ve-0068c799-us/o4IIrLKmwCKfHLG0EeBHDkQAIbhE311XeNrAjg/?a=0&ch=0&cr=0&dr=0&lr=all&cd=0%7C0%7C0%7C0&cv=1&br=3130&bt=1565&bti=OHYpOTY0Zik3OjlmOm01MzE6ZDQ0MDo%3D&cs=0&ds=6&ft=pK~tdMZj8Zmo0ZOvy94jVNUJ2CFrKsd.&mime_type=video_mp4&qs=0&rc=ZzllaTo0PGc0PGZoPGg0ZkBpanllcnc5cnRybzMzZzczNEAzXzYzLV41XzYxMTEwXmJfYSNvcjVgMmRzXmlgLS1kMS9zcw%3D%3D&l=20240205175657C722A59495C70B35E7FD&btag=e00088000
7298430340467625000,Asking me to design the display case was a choice they might regret. But thank you for the opportunity @PRIME. #notsponsored ,markrober,12.9 M,,https://www.tiktok.com/@markrober/video/7298430340467625259,https://v16m-default.akamaized.net/6369103655a96a13fd7317a0e35a92b1/65c175fd/video/tos/maliva/tos-maliva-ve-0068c799-us/oAAtDEelSEdgLRhIssSfBFdS6DnLiTQmqTGjKg/?a=0&ch=0&cr=0&dr=0&lr=all&cd=0%7C0%7C0%7C0&cv=1&br=2036&bt=1018&bti=OHYpOTY0Zik3OjlmOm01MzE6ZDQ0MDo%3D&cs=0&ds=6&ft=pK~tdMZj8Zmo08Ovy94jVNUJ2CFrKsd.&mime_type=video_mp4&qs=0&rc=Nzk6M2g1Zzk6aDlnaTM8NEBpM285a205cjptbzMzZzczNEA1Y15fNjIzNjIxYi5eNjNgYSNfM141MmRjajFgLS1kMS9zcw%3D%3D&l=20240205175659581B8DF17AC9DB357D29&btag=e00088000
7297025216595840000,Candy thieves are technically porch pirates so this feels on brandâ€¦ @Jimmy Kimmel Live ,markrober,415.9 K,,https://www.tiktok.com/@markrober/video/7297025216595840302,https://v16m-default.akamaized.net/e52fd04f02aae5373ff7a2528595ae47/65c1760b/video/tos/maliva/tos-maliva-ve-0068c799-us/o44GgRVfc6XXUiuQfKFTRCleAAseOVAPEkYIVg/?a=0&ch=0&cr=0&dr=0&lr=all&cd=0%7C0%7C0%7C0&cv=1&br=2376&bt=1188&bti=OHYpOTY0Zik3OjlmOm01MzE6ZDQ0MDo%3D&cs=0&ds=6&ft=pK~tdMZj8Zmo06Ovy94jVNUJ2CFrKsd.&mime_type=video_mp4&qs=0&rc=aTo1M2g4O2c8ODY6Njg0PEBpajpseW05cm82bzMzZzczNEBgMWAuMjAtNTQxYC81LzJiYSNvbWJpMmRjbi9gLS1kMS9zcw%3D%3D&l=2024020517570209E4F697C6CBE0352627&btag=e00088000
7285848555934240000,I learned how to play the drums! Depending I suppose on your definiton of drums. @AJR ,markrober,2.1 M,,https://www.tiktok.com/@markrober/video/7285848555934240042,https://v16m-default.akamaized.net/5b346adc480d029f426a56df4ab4b211/65c17604/video/tos/maliva/tos-maliva-ve-0068c799-us/o8Segby8nD4leX5Eb5DEIAQaHBSImCqgPYR9dA/?a=0&ch=0&cr=0&dr=0&lr=all&cd=0%7C0%7C0%7C0&cv=1&br=3076&bt=1538&bti=OHYpOTY0Zik3OjlmOm01MzE6ZDQ0MDo%3D&cs=0&ds=6&ft=pK~tdMZj8Zmo0gOvy94jVNUJ2CFrKsd.&mime_type=video_mp4&qs=0&rc=NmY2Nzk1NGYzNTo3aGkzO0BpanNtcTo6ZnA7bjMzZzczNEBjNjUwLjEzXjUxYGMyXzY1YSMtXmdtcjRvYmJgLS1kMS9zcw%3D%3D&l=202402051757052F0C7732923DBF35B4B4&btag=e00088000
7283940084011863000,I finally have musical abilities! Now to convice @AJR to let me on tour. This song â€˜Yes Iâ€™m A Messâ€™ drops tomorrowâ€¦ still waiting to hear back if they will keep in my printers.,markrober,768.8 K,,https://www.tiktok.com/@markrober/video/7283940084011863342,https://v16m-default.akamaized.net/4456aafe017af50570b79ed4a689add2/65c17611/video/tos/maliva/tos-maliva-ve-0068c799-us/owvV1LwitAINE7gwQzIynQAnwhBpfCF4dtMEIO/?a=0&ch=0&cr=0&dr=0&lr=all&cd=0%7C0%7C0%7C0&cv=1&br=3320&bt=1660&bti=OHYpOTY0Zik3OjlmOm01MzE6ZDQ0MDo%3D&cs=0&ds=6&ft=pK~tdMZj8Zmo0nOvy94jVNUJ2CFrKsd.&mime_type=video_mp4&qs=0&rc=aDtlaWQ7OTM8M2hpM2U2OEBpamV5c2g6ZnR1bjMzZzczNEBiYzM0MS02XjExY2BhLTMxYSNnZHFicjRvb15gLS1kMS9zcw%3D%3D&l=20240205175708F9D9A6E67225E2337957&btag=e00090000
7281687174985059000,Letâ€™s all take a moment to be grateful @Dude Perfect is better at trick shots and @Zach King is better at magic than I am at acting. ,markrober,867.5 K,,https://www.tiktok.com/@markrober/video/7281687174985059615,https://v16m-default.akamaized.net/58f6668662405fe318105a40e150f03a/65c175ed/video/tos/maliva/tos-maliva-ve-0068c799-us/oo58UAqPKCfCjIN4Hgs3gAA9IIVt2GfASjieBg/?a=0&ch=0&cr=0&dr=0&lr=all&cd=0%7C0%7C0%7C0&cv=1&br=3214&bt=1607&bti=OHYpOTY0Zik3OjlmOm01MzE6ZDQ0MDo%3D&cs=0&ds=6&ft=pK~tdMZj8Zmo01Ovy94jVNUJ2CFrKsd.&mime_type=video_mp4&qs=0&rc=Z2UzNGhlN2Y1OWc5ZzY1PEBpamZkdDM6Zjd1bjMzaTczNEAtNjYuMDMuXl8xLy00NjQvYSNjZ2ZfcjQwczNgLS1kMTJzcw%3D%3D&l=20240205175710A0942B1ECD92A334D098&btag=e00088000
7278303028086738000,I recognize this might have set me back on my quest a bit #worthit ,markrober,1 M,,https://www.tiktok.com/@markrober/video/7278303028086738222,https://v16m-default.akamaized.net/85b2053492a28a12baaec6db050e7615/65c17610/video/tos/maliva/tos-maliva-ve-0068c799-us/oEsBTRwgtAImuxw0QzIy2kA6uhBpfC38ZNHEQN/?a=0&ch=0&cr=0&dr=0&lr=all&cd=0%7C0%7C0%7C0&cv=1&br=2452&bt=1226&bti=OHYpOTY0Zik3OjlmOm01MzE6ZDQ0MDo%3D&cs=0&ds=6&ft=pK~tdMZj8Zmo0_Ovy94jVNUJ2CFrKsd.&mime_type=video_mp4&qs=0&rc=aWk4NGZmO2UzOTlpaDszaUBpM2ttd2c6Zjx1bjMzZzczNEAxYTI0MGAzXl8xNF82LTYwYSNxbGlgcjRvZS1gLS1kMS9zcw%3D%3D&l=202402051757133679FED3D49815354709&btag=e00088000
7266191651222261000,Iâ€™m guessing next yearâ€™s rule-book will ban kitchen timersâ€¦,markrober,1.2 M,,https://www.tiktok.com/@markrober/video/7266191651222261038,https://v16m-default.akamaized.net/bda9ee7073c4b244950f47e1933f16f1/65c17608/video/tos/maliva/tos-maliva-ve-0068c799-us/ogCKgaIwpVAflh1srIIHKaNMxkz3BAGUSQuyuW/?a=0&ch=0&cr=0&dr=0&lr=all&cd=0%7C0%7C0%7C0&cv=1&br=2634&bt=1317&bti=OHYpOTY0Zik3OjlmOm01MzE6ZDQ0MDo%3D&cs=0&ds=6&ft=pK~tdMZj8Zmo0AOvy94jVNUJ2CFrKsd.&mime_type=video_mp4&qs=0&rc=aTtmMzxkNDozOjNoPDdmaUBpajo8NmQ6ZmdlbTMzZzczNEAvXmFhMy82NTMxX2BiNC8xYSNmMS5rcjQwMV9gLS1kMS9zcw%3D%3D&l=20240205175716C253F9802ABF0933FD3D&btag=e00088000
7250209793460358000,"Congrats @MrBeast, youâ€™re as brave as a 5-year-old.",markrober,1.1 M,,https://www.tiktok.com/@markrober/video/7250209793460358446,https://v16m-default.akamaized.net/34e90e7f5a6b744590734c16eda98cee/65c1761c/video/tos/maliva/tos-maliva-ve-0068c799-us/ogJ4DMhUIBwyqVTN16fpd2ash6T9QCA6zAvIQO/?a=0&ch=0&cr=0&dr=0&lr=all&cd=0%7C0%7C0%7C0&cv=1&br=2700&bt=1350&bti=OHYpOTY0Zik3OjlmOm01MzE6ZDQ0MDo%3D&cs=0&ds=6&ft=pK~tdMZj8Zmo0JRvy94jVNUJ2CFrKsd.&mime_type=video_mp4&qs=0&rc=NjY5OGlkZzllOWQ0NDg5OEBpajZwZ2g6Zm94bDMzZzczNEA2Ll4xNS0wNi8xMDJgNi0yYSNkbGNxcjQwZ2JgLS1kMS9zcw%3D%3D&l=2024020517571832170487C2009C356A74&btag=e00090000
7241788887356476000,Drop your juicy science questions below!,markrober,1 M,,https://www.tiktok.com/@markrober/video/7241788887356476715,https://v16m-default.akamaized.net/dd33f20c8685351b62b0b3658079808d/65c17627/video/tos/maliva/tos-maliva-ve-0068c799-us/o4gYhuAbGRD0SIOYFknAP6efeNNfAAKQ9wAUoR/?a=0&ch=0&cr=0&dr=0&lr=all&cd=0%7C0%7C0%7C0&cv=1&br=2500&bt=1250&bti=Ozk3QGo4dik3OjlmMzAuYCM6bTQ0MDo%3D&cs=0&ds=6&ft=pK~tdMZj8Zmo0-Rvy94jVNUJ2CFrKsd.&mime_type=video_mp4&qs=0&rc=ZWc1ZTxkOTs0OGc1Mzk7aEBpM2Y7Zjg6ZmV5azMzZzczNEBjNTU2MWAvNS0xYy0vNl8wYSMtYzNjcjRncXNgLS1kMS9zcw%3D%3D&l=20240205175721A0942B1ECD92A334D6C5&btag=e00090000
7236578546041474000,Punishment fits the crime. #Revengineers ,markrober,1 M,,https://www.tiktok.com/@markrober/video/7236578546041474350,https://v16m-default.akamaized.net/9b29cd771cbf4dcfc232cd6606fc05ed/65c17622/video/tos/maliva/tos-maliva-ve-0068c799-us/oMiPjaBW73eeiKpLpb9cdFfAHmQf1bQCJA24Me/?a=0&ch=0&cr=0&dr=0&lr=all&cd=0%7C0%7C0%7C0&cv=1&br=2764&bt=1382&bti=OHYpOTY0Zik3OjlmOm01MzE6ZDQ0MDo%3D&cs=0&ds=6&ft=pK~tdMZj8Zmo0rRvy94jVNUJ2CFrKsd.&mime_type=video_mp4&qs=0&rc=NzxlZmlmODY6O2lnNzUzZkBpamV1cDU6ZnFxazMzZzczNEA0MS8wYmIwNS4xNTNhL15hYSNiZTZscjRva2pgLS1kMS9zcw%3D%3D&l=20240205175724BB8680DA85646235B18F&btag=e00090000
7221004080804630000,"You don't have to be good at bowling, to be good at bowling...",markrober,3.4 M,,https://www.tiktok.com/@markrober/video/7221004080804629802,https://v16m-default.akamaized.net/2c0b72a6b6030547a3279b84825b4487/65c1761b/video/tos/maliva/tos-maliva-ve-0068c799-us/osIlPKAyPG2KNfMoA9IzTwQBpUBtAmz0XUGvhx/?a=0&ch=0&cr=0&dr=0&lr=all&cd=0%7C0%7C0%7C0&cv=1&br=2360&bt=1180&bti=OHYpOTY0Zik3OjlmOm01MzE6ZDQ0MDo%3D&cs=0&ds=6&ft=pK~tdMZj8Zmo0ERvy94jVNUJ2CFrKsd.&mime_type=video_mp4&qs=0&rc=Z2ZmZDc0MzQ2NDRmNWU8ZEBpam52dTM6Zm01ajMzZzgzNEBeLV5eNmE1XzUxL2AvLWE1YSNybG5tcjRfYW9gLS1kLy9zcw%3D%3D&l=2024020517573088828AC68865B1363B4F&btag=e00088000
7180760242739891000,Glitterbomb 12.0,markrober,1.6 M,,https://www.tiktok.com/@markrober/video/7180760242739891502,https://v16m-default.akamaized.net/77f354a967bb1f5234d4c4780169f390/65c175ff/video/tos/maliva/tos-maliva-ve-0068c799-us/25eaa24367d947949876aed9423eb6f5/?a=0&ch=0&cr=0&dr=0&lr=all&cd=0%7C0%7C0%7C0&cv=1&br=1550&bt=775&bti=OHYpOTY0Zik3OjlmOm01MzE6ZDQ0MDo%3D&cs=0&ds=6&ft=pK~tdMZj8Zmo0WRvy94jVNUJ2CFrKsd.&mime_type=video_mp4&qs=0&rc=Ozk8OThnZDw0aDo4O2Y8OkBpM2g2Mzg6ZmhsaDMzZzczNEA1NjBeYjM0NmExM2IxXmI1YSNhZ3FicjRfbmdgLS1kMS9zcw%3D%3D&l=202402051757339DD779AD09EB5B34A988&btag=e00088000
7170083748682288000,"I mean, 7 out of 8 ainâ€™t bad. @crunchlabs ",markrober,827.7 K,,https://www.tiktok.com/@markrober/video/7170083748682288427,https://v16m-default.akamaized.net/3c9173186edfb38401fbf729bd2cba35/65c17611/video/tos/maliva/tos-maliva-ve-0068c799-us/b3c5bdbf01d24b2989eb454395150402/?a=0&ch=0&cr=0&dr=0&lr=all&cd=0%7C0%7C0%7C0&cv=1&br=2248&bt=1124&bti=OHYpOTY0Zik3OjlmOm01MzE6ZDQ0MDo%3D&cs=0&ds=6&ft=pK~tdMZj8Zmo02Rvy94jVNUJ2CFrKsd.&mime_type=video_mp4&qs=0&rc=Z2hpMzQ4PGY3NzY5aDszN0BpajlmPDY6ZmluaDMzZzczNEBfNl9gYTUtX2AxNjA1Yl4yYSNyLy0xcjRfLS1gLS1kMS9zcw%3D%3D&l=20240205175735D40EEFD8A5838D34FB29&btag=e00088000
7154159804137803000,#stitch with @chuppl no comment,markrober,1.1 M,,https://www.tiktok.com/@markrober/video/7154159804137803054,https://v16m-default.akamaized.net/7463d769b879a2a0660913ed151c7cad/65c175fc/video/tos/maliva/tos-maliva-ve-0068c799-us/2e919b13577d457fb20a140de4f432af/?a=0&ch=0&cr=0&dr=0&lr=all&cd=0%7C0%7C0%7C0&cv=1&br=1190&bt=595&bti=OHYpOTY0Zik3OjlmOm01MzE6ZDQ0MDo%3D&cs=0&ds=6&ft=pK~tdMZj8Zmo0BRvy94jVNUJ2CFrKsd.&mime_type=video_mp4&qs=0&rc=Ozs6Z2ZkOzo6NWloZjxlNkBpam9uZWk6ZjtkZzMzZzczNEBeYV8zMWAtNmIxNTEuMzMwYSNwYHFxcjQwcDFgLS1kMS9zcw%3D%3D&l=20240205175738D40EEFD8A5838D34FCC1&btag=e00088000
7149713865415101000,@dreamwastakenwastaken I had to come out of TikTok retirement for this one,markrober,2.5 M,,https://www.tiktok.com/@markrober/video/7149713865415101739,https://v16m-default.akamaized.net/2914d81a1370697833f3c0b10a7dc05a/65c17611/video/tos/maliva/tos-maliva-ve-0068c799-us/6754e19d0792464e96691f15f8c75906/?a=0&ch=0&cr=0&dr=0&lr=all&cd=0%7C0%7C0%7C0&cv=1&br=1212&bt=606&bti=OHYpOTY0Zik3OjlmOm01MzE6ZDQ0MDo%3D&cs=0&ds=6&ft=pK~tdMZj8Zmo0wRvy94jVNUJ2CFrKsd.&mime_type=video_mp4&qs=0&rc=aTg5M2Q6ZzRmOjxnZjtkO0BpMzU0ZTs6ZnFoZjMzZzczNEAxNjIxXmM2NTMxLWEwMC1jYSNoL20ucjRvMnBgLS1kMS9zcw%3D%3D&l=2024020517574187CDE299EFFA3A3648E8&btag=e00088000
7042466779385433000,Iâ€™m competing against 10 others for $1M. @mrbeast be playin favoritesâ€¦,markrober,722.1 K,,https://www.tiktok.com/@markrober/video/7042466779385433391,https://v16m-default.akamaized.net/afc06af52e846d13a027a3bd849e39a3/65c1760b/video/tos/maliva/tos-maliva-ve-0068c799-us/335704e12d5c4c9b968e875e5df5f8bc/?a=0&ch=0&cr=0&dr=0&lr=all&cd=0%7C0%7C0%7C0&cv=1&br=6234&bt=3117&bti=OHYpOTY0Zik3OjlmOm01MzE6ZDQ0MDo%3D&cs=0&ds=6&ft=pK~tdMZj8Zmo0YRvy94jVNUJ2CFrKsd.&mime_type=video_mp4&qs=0&rc=OWRoPGg1ZWU7ODhmN2Y2aUBpM2x1aWg6Zjp3OTMzZzczNEA2YS9hNTQ1NjQxM2JgMjUtYSNxLTZocjRnb3FgLS1kMS9zcw%3D%3D&l=20240205175743D40EEFD8A5838D35001F&btag=e00088000
7041315106290191000,Lol.  Love this new trend! #notcoolenoughtokeepupwithtrends #dominorobot,markrober,507.9 K,,https://www.tiktok.com/@markrober/video/7041315106290191663,https://v16m-default.akamaized.net/89ce4f12053f1bf8064ef391045ffb96/65c17606/video/tos/maliva/tos-maliva-ve-0068c799-us/7e5d0d0fa14a4c15b9bcdd08ad6ccb66/?a=0&ch=0&cr=0&dr=0&lr=all&cd=0%7C0%7C0%7C0&cv=1&br=2504&bt=1252&bti=OHYpOTY0Zik3OjlmOm01MzE6ZDQ0MDo%3D&cs=0&ds=6&ft=pK~tdMZj8Zmo0jRvy94jVNUJ2CFrKsd.&mime_type=video_mp4&qs=0&rc=ZGlkODY8OzppZzUzOzk6ZUBpM3I5cjw6Zmp2OTMzZzczNEAzYjJjYTJjXmAxMTAzLTBgYSNfM2xlcjRnYW9gLS1kMS9zcw%3D%3D&l=202402051757465676070AACDDA73534D8&btag=e00088000
7025273806138691000,"With #TeamSeas, $1 is kind of a big deal @teamseas",markrober,1.1 M,,https://www.tiktok.com/@markrober/video/7025273806138690821,https://v16m-default.akamaized.net/060ee4ce8faeaacde0c6e0246726629a/65c17629/video/tos/useast2a/tos-useast2a-pve-0068/ad63e753c3eb4afdab5160e7b6f6b71a/?a=0&ch=0&cr=0&dr=0&lr=all&cd=0%7C0%7C0%7C0&cv=1&br=2664&bt=1332&bti=OHYpOTY0Zik3OjlmOm01MzE6ZDQ0MDo%3D&cs=0&ds=6&ft=pK~tdMZj8Zmo0qRvy94jVNUJ2CFrKsd.&mime_type=video_mp4&qs=0&rc=Z2QzZjk3ZztkPGYzOTNkaEBpanV5NTY6ZmhmODMzNzczM0BfMjYvYzRiX2ExYjIxM2I0YSNlL3BrcjRnZnNgLS1kMTZzcw%3D%3D&l=20240205175748C722A59495C70B360656&btag=e00088000
7024622607009959000,$1 = 1 less pound of trash in the ocean! #TeamSeas @teamseas,markrober,1.6 M,,https://www.tiktok.com/@markrober/video/7024622607009959173,https://v16m-default.akamaized.net/66d8f3b2134fb8a7ee2197024115328c/65c17620/video/tos/useast2a/tos-useast2a-pve-0068/13487cdc02874592a4aafd785f75718d/?a=0&ch=0&cr=0&dr=0&lr=all&cd=0%7C0%7C0%7C0&cv=1&br=2898&bt=1449&bti=OHYpOTY0Zik3OjlmOm01MzE6ZDQ0MDo%3D&cs=0&ds=6&ft=pK~tdMZj8Zmo0bRvy94jVNUJ2CFrKsd.&mime_type=video_mp4&qs=0&rc=aTQ6aTZpaWg6OzQ7NTU6ZkBpM2x0djo6ZjU6ODMzNzczM0AyX2NfMWIyNTYxY2FeNmJhYSNwNl5kcjRfZnJgLS1kMTZzcw%3D%3D&l=202402051757515676070AACDDA73537C4&btag=e00088000
6938128215806348000,Who's laughing now?,markrober,2 M,,https://www.tiktok.com/@markrober/video/6938128215806348550,https://v16m-default.akamaized.net/b5dd916a30e9f3597ccae7a1f60033ce/65c17610/video/tos/useast2a/tos-useast2a-pve-0068/a436b646e901423ba30a364daae15816/?a=0&ch=0&cr=0&dr=0&lr=all&cd=0%7C0%7C0%7C0&cv=1&br=1162&bt=581&bti=Ozk3QGo4dik3OjlmMzAuYCM6bTQ0MDo%3D&cs=0&ds=6&ft=pK~tdMZj8Zmo0SRvy94jVNUJ2CFrKsd.&mime_type=video_mp4&qs=0&rc=N2Q0NjRpO2Q2OWQ6OzszZEBpanR1bTxldW1sNDMzaDczM0AtMDEtMl80XjAxNDFhNTYvYSNuMi0vX3BycTFgLS0vMTZzcw%3D%3D&l=202402051757543679FED3D49815355DEC&btag=e00088000
6936259496687767000,Dope shot from my football kicker video with @nurkfpv,markrober,534.1 K,,https://www.tiktok.com/@markrober/video/6936259496687766789,https://v16m-default.akamaized.net/63f225e95f31a882735a584c52c805a4/65c17610/video/tos/useast2a/tos-useast2a-ve-0068c004/0111ebb512334dbeacb8aed9a7b331fb/?a=0&ch=0&cr=0&dr=0&lr=all&cd=0%7C0%7C0%7C0&cv=1&br=2046&bt=1023&bti=OHYpOTY0Zik3OjlmOm01MzE6ZDQ0MDo%3D&cs=0&ds=6&ft=pK~tdMZj8Zmo0aRvy94jVNUJ2CFrKsd.&mime_type=video_mp4&qs=0&rc=OzVlOTdpOTs2NjRnOzloNUBpM3hmPDhtcWo7NDMzaDczM0BeM2FhMzJfNjYxYGFhM2NhYSNucWZicTZsai5gLS01MTZzcw%3D%3D&l=20240205175757994D119A2D304835144D&btag=e00088000
6935107138196917000,Couple of classics here,markrober,580.5 K,,https://www.tiktok.com/@markrober/video/6935107138196917509,https://v16m-default.akamaized.net/ffb59c1bb7d5b2b4e7a19b4a2db2715d/65c17621/video/tos/useast2a/tos-useast2a-ve-0068c002/4f8f6e61be364ba593b5b2277fb7b7a6/?a=0&ch=0&cr=0&dr=0&lr=all&cd=0%7C0%7C0%7C0&cv=1&br=1878&bt=939&bti=Ozk3QGo4dik3OjlmMzAuYCM6bTQ0MDo%3D&cs=0&ds=6&ft=pK~tdMZj8Zmo0FRvy94jVNUJ2CFrKsd.&mime_type=video_mp4&qs=0&rc=NGdmN2UzaTU1PDU1aWRlZEBpM2c8anVrbmQ6MzMzaDczM0A1XzMyYDU2XzMxNF82LmFjYSNxcW1xLWY2M3NgLS01MTZzcw%3D%3D&l=20240205175800581B8DF17AC9DB359CFD&btag=e00088000
6931438946647903000,#duet with @ms11850 the passion. He knew it landed successfully before the rest of us.,markrober,738.7 K,,https://www.tiktok.com/@markrober/video/6931438946647903493,https://v16m-default.akamaized.net/dc7af9af42fb373189c4d0ab4b8e1d9a/65c17642/video/tos/useast2a/tos-useast2a-pve-0068/b9790c08fc8d4bf29c1f1f3e2e20cadf/?a=0&ch=0&cr=0&dr=0&lr=all&cd=0%7C0%7C0%7C0&cv=1&br=972&bt=486&bti=OHYpOTY0Zik3OjlmOm01MzE6ZDQ0MDo%3D&cs=0&ds=6&ft=pK~tdMZj8Zmo0URvy94jVNUJ2CFrKsd.&mime_type=video_mp4&qs=0&rc=aDxlNzY0aThlZjY8aTdnNUBpamprODpwb3JwMzMzODczM0AtLy5jLzU1XjYxNjYxXmAwYSMyZWhka21nZ2xgLS0uMTZzcw%3D%3D&l=2024020517580309E4F697C6CBE03549C9&btag=e00088000
6930328652810964000,This is a bit morbid,markrober,566.6 K,,https://www.tiktok.com/@markrober/video/6930328652810964229,https://v16m-default.akamaized.net/6b93e1c43af3d743a0706400dfcbc2f4/65c1763f/video/tos/useast2a/tos-useast2a-ve-0068c003/4b7a5c782f9343e3a945bf087dff43ab/?a=0&ch=0&cr=0&dr=0&lr=all&cd=0%7C0%7C0%7C0&cv=1&br=2438&bt=1219&bti=Ozk3QGo4dik3OjlmMzAuYCM6bTQ0MDo%3D&cs=0&ds=6&ft=pK~tdMZj8Zmo06Rvy94jVNUJ2CFrKsd.&mime_type=video_mp4&qs=0&rc=MzM0ODU2OmU8OWdoNWQ0ZEBpM3ZtOTU0azRxMzMzaTczM0BfL2I2MDIzNjAxNS5gNDU2YSM0bTFyXmFyZmpgLS0tMTZzcw%3D%3D&l=20240205175805132401DA97033D3495B5&btag=e00088000
6928505440649104000,Machine > man,markrober,678.9 K,,https://www.tiktok.com/@markrober/video/6928505440649104646,https://v16m-default.akamaized.net/f839076b4ff8d0e75e32effecbc427d5/65c17622/video/tos/useast2a/tos-useast2a-ve-0068c003/8bae1c0e9b3d46d7879c6fb3915021a4/?a=0&ch=0&cr=0&dr=0&lr=all&cd=0%7C0%7C0%7C0&cv=1&br=2014&bt=1007&bti=OHYpOTY0Zik3OjlmOm01MzE6ZDQ0MDo%3D&cs=0&ds=6&ft=pK~tdMZj8Zmo0eRvy94jVNUJ2CFrKsd.&mime_type=video_mp4&qs=0&rc=PGRlPDRpMzw4ZGk6NDhkO0Bpam50dXFkO3RpMzMzOzczM0AzLTZgXzRfXzYxLzIyXy80YSNpYmctZ2xecWdgLS1iMTZzcw%3D%3D&l=2024020517580835E87B25A2813934F4BC&btag=e00088000
6927324605522644000,That pupil constricting tho!,markrober,790.8 K,,https://www.tiktok.com/@markrober/video/6927324605522644229,https://v16m-default.akamaized.net/668bed7d481e3e4f1a323125149b476a/65c17631/video/tos/useast2a/tos-useast2a-ve-0068c004/b05a723e088a4b2a92a7b69402f5c638/?a=0&ch=0&cr=0&dr=0&lr=all&cd=0%7C0%7C0%7C0&cv=1&br=1660&bt=830&bti=OHYpOTY0Zik3OjlmOm01MzE6ZDQ0MDo%3D&cs=0&ds=6&ft=pK~tdMZj8Zmo0nRvy94jVNUJ2CFrKsd.&mime_type=video_mp4&qs=0&rc=NDRoaGc7NGdnNTtlNTk3M0BpamR0bDp2M3RmMzMzODczM0AtNmJgMGBeNjMxXjYuMTFiYSNsNW5naS1fbWVgLS0tMTZzcw%3D%3D&l=2024020517581109E4F697C6CBE0354EAE&btag=e00088000
6925157995596746000,WEEeeeee...,markrober,392.5 K,,https://www.tiktok.com/@markrober/video/6925157995596745989,https://v16m-default.akamaized.net/7a37b503923c518c4ed6d86da44f5224/65c17620/video/tos/useast2a/tos-useast2a-pve-0068/5ce116ac40ed400487d6920c1322b715/?a=0&ch=0&cr=0&dr=0&lr=all&cd=0%7C0%7C0%7C0&cv=1&br=872&bt=436&bti=OHYpOTY0Zik3OjlmOm01MzE6ZDQ0MDo%3D&cs=0&ds=6&ft=pK~tdMZj8Zmo01Rvy94jVNUJ2CFrKsd.&mime_type=video_mp4&qs=0&rc=PDNmO2Y1aDs8Zzk0Z2Q5aUBpM3AzdWg5dndrMzMzOjczM0A0XjRhNGM0NTYxLmM0YGAtYSMxY2lsMW1laGFgLS1iMTZzcw%3D%3D&l=202402051758147A1520416350C834683B&btag=e00088000
6911740406086553000,Science + alchohol = new found talents,markrober,764.4 K,,https://www.tiktok.com/@markrober/video/6911740406086552837,https://v16m-default.akamaized.net/bab004324743313b28c7762f56d0c012/65c17638/video/tos/useast2a/tos-useast2a-ve-0068c001/80d3a45deda34f69b7ec258eb113abb4/?a=0&ch=0&cr=0&dr=0&lr=all&cd=0%7C0%7C0%7C0&cv=1&br=1802&bt=901&bti=Ozk3QGo4dik3OjlmMzAuYCM6bTQ0MDo%3D&cs=0&ds=6&ft=pK~tdMZj8Zmo0_Rvy94jVNUJ2CFrKsd.&mime_type=video_mp4&qs=0&rc=NDVoOjs1O2dnaTxkODk7aUBpanQ5am1mPGpweTMzaTczM0BjYzAzYGE1X2IxY18wXjA1YSNjbC4vXmAvcmlfLS0tMTZzcw%3D%3D&l=20240205175817CD91E5CCE808773462F6&btag=e00088000
6909505309346106000,"""""What kind of mother _____s would ship that?!""",markrober,718.3 K,,https://www.tiktok.com/@markrober/video/6909505309346106629,https://v16m-default.akamaized.net/1d1a4b31755e0eca9255bdd763fa995a/65c1765a/video/tos/useast2a/tos-useast2a-ve-0068c003/769cb8dbdfd14260b3bdd519bd2156c3/?a=0&ch=0&cr=0&dr=0&lr=all&cd=0%7C0%7C0%7C0&cv=1&br=1440&bt=720&bti=Ozk3QGo4dik3OjlmMzAuYCM6bTQ0MDo%3D&cs=0&ds=6&ft=pK~tdMZj8Zmo0ORvy94jVNUJ2CFrKsd.&mime_type=video_mp4&qs=0&rc=Ojk4O2RlOWdlOTk7PDM3OUBpank7bTp4OXZxeTMzNTczM0BjMl9jNl8xXzYxNF40LzUuYSNkXi1xMW1vcGVfLS01MTZzcw%3D%3D&l=20240205175821DF11D28C60D8A834BAF6&btag=e00088000
6906573704524877000,I wondered this for 20 years before I finally just did the experiment myself,markrober,1.2 M,,https://www.tiktok.com/@markrober/video/6906573704524877062,https://v16m-default.akamaized.net/c02ea9701f455a0431814cceb934e172/65c17645/video/tos/useast2a/tos-useast2a-pve-0068/b8dfe3eb16cb4c608d7d6bd1add62bc5/?a=0&ch=0&cr=0&dr=0&lr=all&cd=0%7C0%7C0%7C0&cv=1&br=760&bt=380&bti=OHYpOTY0Zik3OjlmOm01MzE6ZDQ0MDo%3D&cs=0&ds=6&ft=pK~tdMZj8Zmo00Kvy94jVNUJ2CFrKsd.&mime_type=video_mp4&qs=0&rc=Zjs0Omg4Zzg7ZzVlZjo6ZkBpajs3aXE4ZGdreTMzNTczM0AzLTEtYzA0XzYxMWMuXmA1YSMtb3JyMS1mNWBfLS0xMTZzcw%3D%3D&l=20240205175823ABF7AAEED0826E35D0EA&btag=e00088000
6904419379979521000,"If you want to learn, failure isnâ€™t something to be endured, it should embraced. #lifelesson #supermarioeffect",markrober,1.2 M,,https://www.tiktok.com/@markrober/video/6904419379979521286,https://v16m-default.akamaized.net/2de7dc0f0f0ebf90b6665e70e3d7434b/65c1764c/video/tos/useast2a/tos-useast2a-ve-0068c004/e16cb24e1f074bc194041732880c07b8/?a=0&ch=0&cr=0&dr=0&lr=all&cd=0%7C0%7C0%7C0&cv=1&br=3276&bt=1638&bti=OHYpOTY0Zik3OjlmOm01MzE6ZDQ0MDo%3D&cs=0&ds=6&ft=pK~tdMZj8Zmo0~Kvy94jVNUJ2CFrKsd.&mime_type=video_mp4&qs=0&rc=Z2VlO2VlNTk3OWhmNTc6OEBpM2x5djdpcXJweTMzNjczM0AyYy0wNjRhXl8xXmBiNjMvYSNvNjRgYGtvbTVfLS0wMTZzcw%3D%3D&l=20240205175826DE4B3BC951326635F670&btag=e00088000
6902517628238089000,Scientifc method for the win,markrober,2.1 M,,https://www.tiktok.com/@markrober/video/6902517628238089478,https://v16m-default.akamaized.net/a71ebbc032bbe86bd23b47d86b3d5c9d/65c17663/video/tos/useast2a/tos-useast2a-ve-0068c001/aa58a4bfd1db43b9b3b7569120936475/?a=0&ch=0&cr=0&dr=0&lr=all&cd=0%7C0%7C0%7C0&cv=1&br=912&bt=456&bti=OHYpOTY0Zik3OjlmOm01MzE6ZDQ0MDo%3D&cs=0&ds=6&ft=pK~tdMZj8Zmo0pKvy94jVNUJ2CFrKsd.&mime_type=video_mp4&qs=0&rc=aDs2PGVkZDVnZTdnNTZlZEBpajt5dHNsO2tkeTMzNTczM0BfLzY2LzBfNWIxLy0vMzY0YSNhbWk0ZXBvajJfLS1fMTZzcw%3D%3D&l=202402051758291A8584A8EB575A356CA2&btag=e00088000
6898389822411394000,Don't bring a knife to a gun fight.,markrober,1.2 M,,https://www.tiktok.com/@markrober/video/6898389822411394310,https://v16m-default.akamaized.net/aaa09e8d5ecc89edd806cdc725101635/65c17639/video/tos/useast2a/tos-useast2a-ve-0068c003/ad1d6b4e0080446f80790f24d2931d5a/?a=0&ch=0&cr=0&dr=0&lr=all&cd=0%7C0%7C0%7C0&cv=1&br=2392&bt=1196&bti=OHYpOTY0Zik3OjlmOm01MzE6ZDQ0MDo%3D&cs=0&ds=6&ft=pK~tdMZj8Zmo0EKvy94jVNUJ2CFrKsd.&mime_type=video_mp4&qs=0&rc=OzhpZzgzN2c2Zjk5NWRmM0Bpam48bTtpcTkzeDMzNjczM0BfNGNhLS4wXzAxYTEwYmMtYSMwY3NlYGtvL3JfLS02MTZzcw%3D%3D&l=20240205175833B8FA4C49908270354277&btag=e00088000
6896955882534456000,Tress don't actually get their mass from the soil...,markrober,2 M,,https://www.tiktok.com/@markrober/video/6896955882534456581,https://v16m-default.akamaized.net/8ddb2b11abd7532aa11f74adc83bcc51/65c17663/video/tos/useast2a/tos-useast2a-pve-0068/1f309fee683546f49270ddd832096064/?a=0&ch=0&cr=0&dr=0&lr=all&cd=0%7C0%7C0%7C0&cv=1&br=2678&bt=1339&bti=OHYpOTY0Zik3OjlmOm01MzE6ZDQ0MDo%3D&cs=0&ds=6&ft=pK~tdMZj8Zmo0DKvy94jVNUJ2CFrKsd.&mime_type=video_mp4&qs=0&rc=aDNkPGc1ZmQ2N2Y8NWlmM0BpajloNGZlaHZoeDMzOTczM0AuL2FeX2MxXjIxMjQwXjFgYSNxNF8xMjJnZG9fLS0tMTZzcw%3D%3D&l=20240205175836C5BC2DE87A141734D2B0&btag=e00088000
6894306134237122000,I wonder what this does?,markrober,3.6 M,,https://www.tiktok.com/@markrober/video/6894306134237121798,https://v16m-default.akamaized.net/7f6143cdcc57f839168285b782698e30/65c17636/video/tos/useast2a/tos-useast2a-ve-0068c002/48681bf3a37d4b7d8edb787b972f6cf8/?a=0&ch=0&cr=0&dr=0&lr=all&cd=0%7C0%7C0%7C0&cv=1&br=2188&bt=1094&bti=OHYpOTY0Zik3OjlmOm01MzE6ZDQ0MDo%3D&cs=0&ds=6&ft=pK~tdMZj8Zmo0yKvy94jVNUJ2CFrKsd.&mime_type=video_mp4&qs=0&rc=NDVoOzw0NGRkZTpmODk4OEBpajp3dmprPDZxeDMzaTczM0BiYC01YGIwNWMxYzNeYGM2YSNjZDFjaGIycmpfLS02MTZzcw%3D%3D&l=20240205175838C5BC2DE87A141734D452&btag=e00088000
6891407947256073000,It would be really bad.,markrober,1.1 M,,https://www.tiktok.com/@markrober/video/6891407947256073477,https://v16m-default.akamaized.net/ac83a611c3f7c9c3f61bab67cb718cf8/65c17655/video/tos/useast2a/tos-useast2a-pve-0068/6aa6cc08d1b848ef854ebb0112240ac3/?a=0&ch=0&cr=0&dr=0&lr=all&cd=0%7C0%7C0%7C0&cv=1&br=2670&bt=1335&bti=OHYpOTY0Zik3OjlmOm01MzE6ZDQ0MDo%3D&cs=0&ds=6&ft=pK~tdMZj8Zmo0BKvy94jVNUJ2CFrKsd.&mime_type=video_mp4&qs=0&rc=M2llZjw3ZDU8OjNmZWZpaEBpM2dsbmxkZnlteDMzZjczM0A1MzBjMDZiNjAxNl5gLS4zYSNyc2NpZTFqMmVfLS1iMTZzcw%3D%3D&l=20240205175841C28438E941364C34A4E3&btag=e00088000
6889551630048579000,I made this costume cause everybody loves clowns.,markrober,764.9 K,,https://www.tiktok.com/@markrober/video/6889551630048578821,https://v16m-default.akamaized.net/38c77eb377ca3e274f7dfe9ca6f349e1/65c17641/video/tos/useast2a/tos-useast2a-pve-0068/9f32ddf8f7fe41b0bae26a7e1354d4f5/?a=0&ch=0&cr=0&dr=0&lr=all&cd=0%7C0%7C0%7C0&cv=1&br=1810&bt=905&bti=OHYpOTY0Zik3OjlmOm01MzE6ZDQ0MDo%3D&cs=0&ds=6&ft=pK~tdMZj8Zmo0NKvy94jVNUJ2CFrKsd.&mime_type=video_mp4&qs=0&rc=ZTk1OzZlOTo2N2k5Zzs1ZkBpM2loaHU7bm08eDMzaDczM0BfNTUwLV8tNmMxL2BjNTEwYSMzLjBrazA1aWJfLS00MTZzcw%3D%3D&l=20240205175845621F0D268DD3D435386B&btag=e00088000
6886861251264187000,It's a bit much... but still a classic.,markrober,1.2 M,,https://www.tiktok.com/@markrober/video/6886861251264187653,https://v16m-default.akamaized.net/0350b5edd2cca205fdb289b6a04c8d30/65c1764f/video/tos/useast2a/tos-useast2a-ve-0068c004/2e50e2cad95e46d9a8c556c66769d722/?a=0&ch=0&cr=0&dr=0&lr=all&cd=0%7C0%7C0%7C0&cv=1&br=1966&bt=983&bti=OHYpOTY0Zik3OjlmOm01MzE6ZDQ0MDo%3D&cs=0&ds=6&ft=pK~tdMZj8Zmo0RKvy94jVNUJ2CFrKsd.&mime_type=video_mp4&qs=0&rc=ZWg6Ozs2PDtnPDw3aGllOUBpM3VrdGpyZnlqeDMzOzczM0AyYV5fYjJhNWMxNWMuMjUxYSNmYmIvLWdlazZfLS1hMTZzcw%3D%3D&l=202402051758482C012358F16F9E34F4D2&btag=e00088000
6882794057026768000,"That time @mrbeast ask me to bbsit @chris_thememegod, @chandlerhallow, and @karlojacobs...",markrober,974.8 K,,https://www.tiktok.com/@markrober/video/6882794057026768133,https://v16m-default.akamaized.net/2e677be36877cdbd9b5a5b82fe6f4dbe/65c17651/video/tos/useast2a/tos-useast2a-pve-0068/84c349a021b84e94909109dc4f9d056e/?a=0&ch=0&cr=0&dr=0&lr=all&cd=0%7C0%7C0%7C0&cv=1&br=3042&bt=1521&bti=Ozk3QGo4dik3OjlmMzAuYCM6bTQ0MDo%3D&cs=0&ds=6&ft=pK~tdMZj8Zmo0CKvy94jVNUJ2CFrKsd.&mime_type=video_mp4&qs=0&rc=OjczOTk0Z2Y2PDg2NGU4ZkBpamY1cWk1dmg8eDMzaDczM0A1MTQxNjIvNjMxLl5jYDUuYSNrY3JlY3NiZS9fLS0tMTZzcw%3D%3D&l=20240205175852C253F9802ABF0934330B&btag=e00088000
6882050392537009000,"This is what we refer to at NASA as a â€œspontaneous energetic disassembly""",markrober,858.9 K,,https://www.tiktok.com/@markrober/video/6882050392537009414,https://v16m-default.akamaized.net/2bff7e10e4f1e622f981ca553b87d295/65c1764d/video/tos/useast2a/tos-useast2a-ve-0068c004/9f0fd4881adf4eefbb82d82d3801902e/?a=0&ch=0&cr=0&dr=0&lr=all&cd=0%7C0%7C0%7C0&cv=1&br=2948&bt=1474&bti=Ozk3QGo4dik3OjlmMzAuYCM6bTQ0MDo%3D&cs=0&ds=6&ft=pK~tdMZj8Zmo09Kvy94jVNUJ2CFrKsd.&mime_type=video_mp4&qs=0&rc=OjpmOWQ1OzVpZ2Y5Z2Y5Z0BpanRlaXBkOHl5eDMzZTczM0BgNV8uYC82NmIxYDJiLV80YSNsLWAwZS1vNS1fLS1fMTZzcw%3D%3D&l=20240205175855C253F9802ABF0934351D&btag=e00088000
6880983518608952000,Sometimes my stomach gets upset.,markrober,685.7 K,,https://www.tiktok.com/@markrober/video/6880983518608952581,https://v16m-default.akamaized.net/14f695d97e279f82f6b6620445e44b6b/65c17656/video/tos/useast2a/tos-useast2a-ve-0068c002/c6b169f88441454190edf9d11af82196/?a=0&ch=0&cr=0&dr=0&lr=all&cd=0%7C0%7C0%7C0&cv=1&br=1420&bt=710&bti=OHYpOTY0Zik3OjlmOm01MzE6ZDQ0MDo%3D&cs=0&ds=6&ft=pK~tdMZj8Zmo0vKvy94jVNUJ2CFrKsd.&mime_type=video_mp4&qs=0&rc=aDhmZ2dkMzpoNWVnaDM4OUBpMzxqc3I0bnc1dzMzODczM0AyY180LjNgNS8xLjQtLy9eYSNoNV81LTNkZ3NfLS1iMTZzcw%3D%3D&l=20240205175858994D119A2D304835393C&btag=e00088000
6878756104092814000,This was my first YouTube video ever almost 9 years ago... still a Halloween classic,markrober,1.7 M,,https://www.tiktok.com/@markrober/video/6878756104092814597,https://v16m-default.akamaized.net/8749b089bfb9b5b40219d9f64fa39ddf/65c17662/video/tos/useast2a/tos-useast2a-ve-0068c001/62ef66ee9143493a837fba3a7fce0c1d/?a=0&ch=0&cr=0&dr=0&lr=all&cd=0%7C0%7C0%7C0&cv=1&br=1736&bt=868&bti=OHYpOTY0Zik3OjlmOm01MzE6ZDQ0MDo%3D&cs=0&ds=6&ft=pK~tdMZj8Zmo0QKvy94jVNUJ2CFrKsd.&mime_type=video_mp4&qs=0&rc=NDk3PDdkNjM4OTxkNGk0O0Bpajk6NnZvNHQ2dzMzODczM0BhYDY1MmFjNTQxMmFeNGNgYSNnYHJpNTI0c29fLS1iMTZzcw%3D%3D&l=20240205175902581B8DF17AC9DB35BF83&btag=e00088000
6876125056582389000,Taking back whatâ€™s rightfully mine. @daviddobrik @nickuhas ðŸ˜Ž,markrober,1.9 M,,https://www.tiktok.com/@markrober/video/6876125056582388998,https://v16m-default.akamaized.net/53adef8681738bf48b4210632cb9aad8/65c1765b/video/tos/useast2a/tos-useast2a-ve-0068c004/c48370f2ee7c48f5a03f2d6d956a1a2c/?a=0&ch=0&cr=0&dr=0&lr=all&cd=0%7C0%7C0%7C0&cv=1&br=5112&bt=2556&bti=OHYpOTY0Zik3OjlmOm01MzE6ZDQ0MDo%3D&cs=0&ds=6&ft=pK~tdMZj8Zmo0ZKvy94jVNUJ2CFrKsd.&mime_type=video_mp4&qs=0&rc=ZzQ0ZzRpaTM7PDU3OmVoN0BpM3lpcTpwcnVodzMzaDczM0BjXy5hNWNjNjYxYy42YzQ0YSM0ZHBkXzBgYmpfLS0tMTZzcw%3D%3D&l=20240205175905C253F9802ABF09343A2D&btag=e00088000
6874992221158919000,NASA pumpkin carving contest- itâ€™s not rocket science. #pumpkinseason,markrober,1.7 M,,https://www.tiktok.com/@markrober/video/6874992221158919429,https://v16m-default.akamaized.net/d39eae578cfca549e01012872f0f9073/65c17664/video/tos/useast2a/tos-useast2a-ve-0068c001/4beea3a1aa6d4338891a2568c725e620/?a=0&ch=0&cr=0&dr=0&lr=all&cd=0%7C0%7C0%7C0&cv=1&br=1920&bt=960&bti=OHYpOTY0Zik3OjlmOm01MzE6ZDQ0MDo%3D&cs=0&ds=6&ft=pK~tdMZj8Zmo08Kvy94jVNUJ2CFrKsd.&mime_type=video_mp4&qs=0&rc=NWg1Zjs2ZTVpZzw5PGZmaEBpM3NpbnFvcjZodzMzZzczM0A0YGAvYzM1XjUxMC0yMy00YSM1YGVqbmViL2hfLS02MTZzcw%3D%3D&l=20240205175908A92F9F031F66E7341C0E&btag=e00088000
6873900718693125000,Don't steal from engineers :),markrober,9.7 M,,https://www.tiktok.com/@markrober/video/6873900718693125381,https://v16m-default.akamaized.net/231225146e572a37a5e12db47f914170/65c17681/video/tos/useast2a/tos-useast2a-pve-0068/df45f6bfa7ba4f1aba96474c7dfc5875/?a=0&ch=0&cr=0&dr=0&lr=all&cd=0%7C0%7C0%7C0&cv=1&br=1388&bt=694&bti=OHYpOTY0Zik3OjlmOm01MzE6ZDQ0MDo%3D&cs=0&ds=6&ft=pK~tdMZj8Zmo0eKvy94jVNUJ2CFrKsd.&mime_type=video_mp4&qs=0&rc=ZjM7ZDc6PGdnZDtnZWk0OkBpM241cmVqNjpqdzMzNDczM0AxXzZiYDFiNTQxYTQ2MzFjYSM0am1uYTQwLWZfLS0xMTZzcw%3D%3D&l=20240205175911D888C05D6CF2C334932F&btag=e00088000
6871341315125186000,This easter egg is probably my greatest accomplishment at NASA.,markrober,1.6 M,,https://www.tiktok.com/@markrober/video/6871341315125185798,https://v16m-default.akamaized.net/ec36ad12828d1b419d3d5ec172af0583/65c1766e/video/tos/useast2a/tos-useast2a-pve-0068/4ec29980f0ea42a1a5e6adc9abcc5a26/?a=0&ch=0&cr=0&dr=0&lr=all&cd=0%7C0%7C0%7C0&cv=1&br=1370&bt=685&bti=OHYpOTY0Zik3OjlmOm01MzE6ZDQ0MDo%3D&cs=0&ds=6&ft=pK~tdMZj8Zmo0IKvy94jVNUJ2CFrKsd.&mime_type=video_mp4&qs=0&rc=N2Y6aTdnN2Y0NWQ3aDdmOUBpM2ptOzNyO3J4dzMzaDczM0BhYDUzNjNgXmMxMzZjNl9jYSNhZ2VyMjUvZGFfLS00MTZzcw%3D%3D&l=202402051759147D3219EF4DD728360992&btag=e00088000
6869821359740997000,"""I mean... define ""cheated""",markrober,758.2 K,,https://www.tiktok.com/@markrober/video/6869821359740996870,https://v16m-default.akamaized.net/b478b5f612f91f8dc44a870861aebe33/65c17663/video/tos/useast2a/tos-useast2a-ve-0068c003/a99c29ab5dd742ec9d15e708c371dc39/?a=0&ch=0&cr=0&dr=0&lr=all&cd=0%7C0%7C0%7C0&cv=1&br=1434&bt=717&bti=OHYpOTY0Zik3OjlmOm01MzE6ZDQ0MDo%3D&cs=0&ds=6&ft=pK~tdMZj8Zmo05Kvy94jVNUJ2CFrKsd.&mime_type=video_mp4&qs=0&rc=ZjY2ODg8NzU7ODs6Mzc6OEBpMzV5N2c7bTk7dzMzNDczM0AwLjEtXmEzXzYxLWI0L2BgYSNeM3EtYzRqMV9fLS1fMTZzcw%3D%3D&l=20240205175917A92F9F031F66E73421C9&btag=e00088000
6867596684193549000,"Got COVID.  When life gives you lemons, make lemonade... on a G6.",markrober,681.4 K,,https://www.tiktok.com/@markrober/video/6867596684193549573,https://v16m-default.akamaized.net/c4dca799fda7a866e8935b4a940a283d/65c17696/video/tos/useast2a/tos-useast2a-ve-0068c002/8ce6c19d9542444ab64400b8ac57d62d/?a=0&ch=0&cr=0&dr=0&lr=all&cd=0%7C0%7C0%7C0&cv=1&br=1830&bt=915&bti=OHYpOTY0Zik3OjlmOm01MzE6ZDQ0MDo%3D&cs=0&ds=6&ft=pK~tdMZj8Zmo0tKvy94jVNUJ2CFrKsd.&mime_type=video_mp4&qs=0&rc=aDM8Zjk7NTU4ZjQ1Ozk4N0Bpanhuc3NrbmQ8dzMzOjczM0AzYC4uXl8wNjIxYC41LWIuYSNtLWFeZW0zaTRfLS0tMTZzcw%3D%3D&l=20240205175921D4463FD668339D34B693&btag=e00088000
6865007893272481000,This video went in a totally different direction than I anticipated.,markrober,3.1 M,,https://www.tiktok.com/@markrober/video/6865007893272481030,https://v16m-default.akamaized.net/fabc85f78530a194d100f682fc1c0006/65c17688/video/tos/useast2a/tos-useast2a-ve-0068c001/5fa329602c72441eafa6a83fe32d9f31/?a=0&ch=0&cr=0&dr=0&lr=all&cd=0%7C0%7C0%7C0&cv=1&br=1980&bt=990&bti=OHYpOTY0Zik3OjlmOm01MzE6ZDQ0MDo%3D&cs=0&ds=6&ft=pK~tdMZj8Zmo0OKvy94jVNUJ2CFrKsd.&mime_type=video_mp4&qs=0&rc=ODU3Ojg0NGdlZTs4Mzw4aUBpM2Q5b3A0amVwdzMzMzczM0BjNTQ0MV8vNTMxMy42LzA1YSNwLnAzcnFsZC9fLS1jMTZzcw%3D%3D&l=20240205175924AF0D14EC8F085A355A7E&btag=e00088000
6863490770532306000,Now go dominate yo bad self some Guess Who.,markrober,1.9 M,,https://www.tiktok.com/@markrober/video/6863490770532306181,https://v16m-default.akamaized.net/406ed368c7f3ade13e501b48e70c3864/65c17695/video/tos/useast2a/tos-useast2a-ve-0068c002/eedf3d8b05d54e1f815cec1f33a14aa1/?a=0&ch=0&cr=0&dr=0&lr=all&cd=0%7C0%7C0%7C0&cv=1&br=1010&bt=505&bti=OHYpOTY0Zik3OjlmOm01MzE6ZDQ0MDo%3D&cs=0&ds=6&ft=pK~tdMZj8Zmo00ivy94jVNUJ2CFrKsd.&mime_type=video_mp4&qs=0&rc=OThoNjlpaWZmNztoZzc4M0BpamppdnM6ZXIzdzMzOjczM0AwXjVeY140X14xMjIxMC0uYSMvL2VlNmNsNS1fLS1jMTZzcw%3D%3D&l=202402051759286E636E2C22A81236A101&btag=e00088000
6862036395473522000,"Regardless of the physics, I'm still impressed with what you did @heyheybella",markrober,1.5 M,,https://www.tiktok.com/@markrober/video/6862036395473521926,https://v16m-default.akamaized.net/725baaf6e2d9f4a8605641c7c301c5e2/65c1769c/video/tos/useast2a/tos-useast2a-pve-0068/04bfc045af8b48478812d5bb2dd94c1f/?a=0&ch=0&cr=0&dr=0&lr=all&cd=0%7C0%7C0%7C0&cv=1&br=2806&bt=1403&bti=OHYpOTY0Zik3OjlmOm01MzE6ZDQ0MDo%3D&cs=0&ds=6&ft=pK~tdMZj8Zmo0~ivy94jVNUJ2CFrKsd.&mime_type=video_mp4&qs=0&rc=NTlkOmVnOzwzNzdkMzhoZkBpM3k5cjs5NzhndjMzOjczM0AzLTJiNTI1NWExYmE1Ni0yYSNvYV9ecW9kZ3FfLS1gMTZzcw%3D%3D&l=20240205175930903AF48440FEF734FF37&btag=e00088000
6860637180549811000,#duet with @heyheybella,markrober,9.4 M,,https://www.tiktok.com/@markrober/video/6860637180549811461,https://v16m-default.akamaized.net/507413c402ffebdd87271e5cecacf0f2/65c17674/video/tos/useast2a/tos-useast2a-pve-0068/0c41bedd6787468db90fa380c750bd32/?a=0&ch=0&cr=0&dr=0&lr=all&cd=0%7C0%7C0%7C0&cv=1&br=1994&bt=997&bti=OHYpOTY0Zik3OjlmOm01MzE6ZDQ0MDo%3D&cs=0&ds=6&ft=pK~tdMZj8Zmo0divy94jVNUJ2CFrKsd.&mime_type=video_mp4&qs=0&rc=ZTk0OGg2M2g7ZDMzaGhlaEBpM2Rzc3JxZmV4djMzOTczM0AzY18tLS80NV8xYjRfY141YSNebmpoNi1hL25fLS0xMTZzcw%3D%3D&l=20240205175934A92F9F031F66E7342DBB&btag=e00088000
6859874468316171000,Iâ€™m not admitting to anything but it turns out fresh pee in the water doesnâ€™t repel sharks.Â Â Full vid on YT,markrober,2.1 M,,https://www.tiktok.com/@markrober/video/6859874468316171526,https://v16m-default.akamaized.net/2c737b20b8eae906475d547ea25ffcf3/65c17692/video/tos/useast2a/tos-useast2a-ve-0068c001/64ad7f30006f42d691808df80f52e4a9/?a=0&ch=0&cr=0&dr=0&lr=all&cd=0%7C0%7C0%7C0&cv=1&br=2314&bt=1157&bti=OHYpOTY0Zik3OjlmOm01MzE6ZDQ0MDo%3D&cs=0&ds=6&ft=pK~tdMZj8Zmo0Eivy94jVNUJ2CFrKsd.&mime_type=video_mp4&qs=0&rc=OGRkNzU3PDpmaWg2aTM6NkBpam42cWxtODlsdjMzZzczM0BjNC4xLS8yXzMxLl9iNGFeYSMwbjUwZ2Jram1fLS0yMTZzcw%3D%3D&l=20240205175937A92F9F031F66E7342FCB&btag=e00088000
6856817745221258000,I canâ€™t handle this!,markrober,814.8 K,,https://www.tiktok.com/@markrober/video/6856817745221258502,https://v16m-default.akamaized.net/c898dacb76d3c534b46f0c44b3fe55f0/65c1767a/video/tos/useast2a/tos-useast2a-ve-0068c001/f1220d870c2847ec864b1f46a5d1d79e/?a=0&ch=0&cr=0&dr=0&lr=all&cd=0%7C0%7C0%7C0&cv=1&br=1482&bt=741&bti=OHYpOTY0Zik3OjlmOm01MzE6ZDQ0MDo%3D&cs=0&ds=6&ft=pK~tdMZj8Zmo03ivy94jVNUJ2CFrKsd.&mime_type=video_mp4&qs=0&rc=NWc6ZDdnZzM3ODM2Z2Q6NUBpajVpbHN5a3E3djMzPDczM0AyMTU0MDVeNjExYDQyNjJgYSNha18uaWNwcmhfLS1jMTZzcw%3D%3D&l=2024020517594009E4F697C6CBE0358027&btag=e00088000
6852357452013358000,This just might one day save your life (note: the dude in the animation should probably have closed his legs).,markrober,3.6 M,,https://www.tiktok.com/@markrober/video/6852357452013358342,https://v16m-default.akamaized.net/c4d2f8f152833cbc2fe4f4d8b2a6522e/65c17697/video/tos/useast2a/tos-useast2a-pve-0068/843fc36b66e241de9a023b731d328360/?a=0&ch=0&cr=0&dr=0&lr=all&cd=0%7C0%7C0%7C0&cv=1&br=1332&bt=666&bti=OHYpOTY0Zik3OjlmOm01MzE6ZDQ0MDo%3D&cs=0&ds=6&ft=pK~tdMZj8Zmo02ivy94jVNUJ2CFrKsd.&mime_type=video_mp4&qs=0&rc=ODg1OzQ2ZzVmZDdmZmlpM0BpM2w7dWloPGc6djMzZDczM0BgYzZjNjEvNjAxNTAwXzI1YSMzYF9qLWJnYWBfLS1iMTZzcw%3D%3D&l=20240205175943994D119A2D3048354F09&btag=e00088000
6849393737433468000,"Worldâ€™s largest jello pool ftw. Unfortunately, it looked cooler than it tasted.",markrober,5.7 M,,https://www.tiktok.com/@markrober/video/6849393737433468165,https://v16m-default.akamaized.net/f5da7d787c083649cdf7baa5b9b2a5ee/65c1768f/video/tos/useast2a/tos-useast2a-pve-0068/b6312a4aa0a04ffd9c6ed84548a398b7/?a=0&ch=0&cr=0&dr=0&lr=all&cd=0%7C0%7C0%7C0&cv=1&br=2852&bt=1426&bti=OHYpOTY0Zik3OjlmOm01MzE6ZDQ0MDo%3D&cs=0&ds=6&ft=pK~tdMZj8Zmo0hivy94jVNUJ2CFrKsd.&mime_type=video_mp4&qs=0&rc=Omk6NTtmaTs5OjZnN2c8OEBpamp3PGdwcmd4djMzaTczM0BeLWIzYS4xNS4xXjY2Ml5fYSNuNC5vXzBwcjNfLS0uMTZzcw%3D%3D&l=20240205175946A61CC924E18A71358389&btag=e00088000
6847529448233815000,According to my data unibrow discrimination is real.  2 brows > 1 brow.,markrober,2.5 M,,https://www.tiktok.com/@markrober/video/6847529448233815302,https://v16m-default.akamaized.net/2c37c3d9e2a8e246b899fb419dc7374f/65c17698/video/tos/useast2a/tos-useast2a-pve-0068/eab188dfb5f34b3db86de2c76805e1fa/?a=0&ch=0&cr=0&dr=0&lr=all&cd=0%7C0%7C0%7C0&cv=1&br=1388&bt=694&bti=OHYpOTY0Zik3OjlmOm01MzE6ZDQ0MDo%3D&cs=0&ds=6&ft=pK~tdMZj8Zmo0wivy94jVNUJ2CFrKsd.&mime_type=video_mp4&qs=0&rc=NGc0PDQ2OmY8NzQ1PDxpOUBpMzN0eDxwZDdudjMzaTczM0AxMzUvYF81XzAxMV5fNDQ2YSMxZTJyX2dxczBfLS1fMTZzcw%3D%3D&l=20240205175949C722A59495C70B3642A5&btag=e00088000
6843818891005857000,How to be a Scooby Doo villain.,markrober,810.3 K,,https://www.tiktok.com/@markrober/video/6843818891005857029,https://v16m-default.akamaized.net/f01f6e7ecc53a8b40173ed335d2f728d/65c17687/video/tos/useast2a/tos-useast2a-ve-0068c001/2a1c9d4c87c44c76a8228d999b3402f5/?a=0&ch=0&cr=0&dr=0&lr=all&cd=0%7C0%7C0%7C0&cv=1&br=1240&bt=620&bti=OHYpOTY0Zik3OjlmOm01MzE6ZDQ0MDo%3D&cs=0&ds=6&ft=pK~tdMZj8Zmo0Yivy94jVNUJ2CFrKsd.&mime_type=video_mp4&qs=0&rc=aTY8ZGVoNzU0Mzg5aWRlNUBpanZ4bnNoaHk1dTMzZjczM0BhNGIvXmM1XjAxYzQ1Xy0wYSNhXjFjZzBtLnFfLS0tMTZzcw%3D%3D&l=20240205175951785C9F21AC29DA35C386&btag=e00088000
6841963851978640000,I figured you could finally use some good news in 2020 ðŸ˜¬,markrober,6.5 M,,https://www.tiktok.com/@markrober/video/6841963851978640645,https://v16m-default.akamaized.net/432763f3b47cd55a54799770f01310d1/65c17697/video/tos/useast2a/tos-useast2a-ve-0068c002/bbeb316667dc46c9be3d77254f188a61/?a=0&ch=0&cr=0&dr=0&lr=all&cd=0%7C0%7C0%7C0&cv=1&br=1532&bt=766&bti=Ozk3QGo4dik3OjlmMzAuYCM6bTQ0MDo%3D&cs=0&ds=6&ft=pK~tdMZj8Zmo0Civy94jVNUJ2CFrKsd.&mime_type=video_mp4&qs=0&rc=Z2g5Zjc5Zjs8NGhlPDQ1N0BpMztmZG01bm9ydTMzZjczM0AxYjUvLS40NTAxLV5gLjRjYSNvcXNeZDNlZ21fLS0vMTZzcw%3D%3D&l=20240205175955A61CC924E18A7135875E&btag=e00088000
6839750286060326000,"...well, I mean, besides my niece and nephews.",markrober,1.2 M,,https://www.tiktok.com/@markrober/video/6839750286060326149,https://v16m-default.akamaized.net/ca3c7bfee2077d1f4812b27f879d5137/65c17688/video/tos/useast2a/tos-useast2a-ve-0068c004/250a07d70f10497d99637cc83d712ed1/?a=0&ch=0&cr=0&dr=0&lr=all&cd=0%7C0%7C0%7C0&cv=1&br=3110&bt=1555&bti=OHYpOTY0Zik3OjlmOm01MzE6ZDQ0MDo%3D&cs=0&ds=6&ft=pK~tdMZj8Zmo0livy94jVNUJ2CFrKsd.&mime_type=video_mp4&qs=0&rc=PGVpZDU6aDs5ZGk3NWU4N0BpMzg2OjV4Ozt0dTMzNTczM0BhLWIvYzE1Ni8xNjFgMF8wYSMzMm1fLzFfbWlfLS1fMTZzcw%3D%3D&l=20240205175958785C9F21AC29DA35C677&btag=e00088000
6838619467702914000,Not cheating.,markrober,1.9 M,,https://www.tiktok.com/@markrober/video/6838619467702914310,https://v16m-default.akamaized.net/aeb1f8ef3c49bf8d67346cdea92ef923/65c1768c/video/tos/useast2a/tos-useast2a-ve-0068c001/e19a29367ada4eac956e48eee4955b12/?a=0&ch=0&cr=0&dr=0&lr=all&cd=0%7C0%7C0%7C0&cv=1&br=1720&bt=860&bti=OHYpOTY0Zik3OjlmOm01MzE6ZDQ0MDo%3D&cs=0&ds=6&ft=pK~tdMZj8Zmo0Tivy94jVNUJ2CFrKsd.&mime_type=video_mp4&qs=0&rc=aTdmZDxpPGRoNTs2Z2Y7OEBpMztpbG01bTx0dTMzMzczM0AyNjAwYjVgNjYxYDQtMGBiYSNuZnNzcGBwZGdfLS1gMTZzcw%3D%3D&l=2024020518000023FD664F70FB70366E6F&btag=e00088000
6836767234120011000,I'll stick with engineering. @ricksmithjrofficial,markrober,664.9 K,,https://www.tiktok.com/@markrober/video/6836767234120011013,https://v16m-default.akamaized.net/e288e6fa2eb8c8226ee3d270827d7a1e/65c17697/video/tos/useast2a/tos-useast2a-ve-0068c001/cfb63c66a45e4bfeb10cdad89eb89c5c/?a=0&ch=0&cr=0&dr=0&lr=all&cd=0%7C0%7C0%7C0&cv=1&br=1156&bt=578&bti=OHYpOTY0Zik3OjlmOm01MzE6ZDQ0MDo%3D&cs=0&ds=6&ft=pK~tdMZj8Zmo0iivy94jVNUJ2CFrKsd.&mime_type=video_mp4&qs=0&rc=NWlnaDlkOTU7ZjlmM2Q5NEBpM3RtZWt5eTZrdTMzZTczM0BeYWI0LjNeNWAxYmBfXy8tYSNiaG80MV9fNGRfLS0zMTZzcw%3D%3D&l=20240205180004BF2E5F057C1CC135AF5E&btag=e00088000
6834180634655657000,Squirrels are basically mathematical geniuses.,markrober,1.5 M,,https://www.tiktok.com/@markrober/video/6834180634655657221,https://v16m-default.akamaized.net/a1a2b98fbd7e5129e13756d830188f4b/65c176be/video/tos/useast2a/tos-useast2a-ve-0068c004/a0b3fd3bba8643aea28ac9feec986ad6/?a=0&ch=0&cr=0&dr=0&lr=all&cd=0%7C0%7C0%7C0&cv=1&br=914&bt=457&bti=OHYpOTY0Zik3OjlmOm01MzE6ZDQ0MDo%3D&cs=0&ds=6&ft=pK~tdMZj8Zmo0Qivy94jVNUJ2CFrKsd.&mime_type=video_mp4&qs=0&rc=aGVpNjo4ODtlOGVnNTZpZkBpM2xtbnQ1Onh4dTMzZjczM0A2MDYuLV9jNTIxNV5fYDVhYSMyZzNyLjFjMl9fLS0xMTZzcw%3D%3D&l=20240205180007581B8DF17AC9DB35E662&btag=e00088000
6831220555866361000,"Some squirrels stole my bird seed, so Iâ€™ve basically been spending the whole quarantine engineering my revenge. #PhatGus",markrober,3.3 M,,https://www.tiktok.com/@markrober/video/6831220555866361093,https://v16m-default.akamaized.net/9127531b1a580d0f43dc353859e49440/65c176c7/video/tos/useast2a/tos-useast2a-pve-0068/083b47d409ae4d18b37569a0bfc9d382/?a=0&ch=0&cr=0&dr=0&lr=all&cd=0%7C0%7C0%7C0&cv=1&br=2102&bt=1051&bti=OHYpOTY0Zik3OjlmOm01MzE6ZDQ0MDo%3D&cs=0&ds=6&ft=pK~tdMZj8Zmo0Zivy94jVNUJ2CFrKsd.&mime_type=video_mp4&qs=0&rc=aDQ4Njg7ZDNnNzRnZmZmOEBpMzR3Nnl3Om9vdTMzOzczM0AzNTJeMjQ0X18xX18vNWJiYSMxZXE0L2pvcTNfLS1fMTZzcw%3D%3D&l=2024020518000969E2F73DA0917735C53F&btag=e00088000
6829733140328631000,Hot or not?,markrober,794.8 K,,https://www.tiktok.com/@markrober/video/6829733140328631557,https://v16m-default.akamaized.net/1e0239835e256ee377f1251ade41e5ac/65c17696/video/tos/useast2a/tos-useast2a-ve-0068c004/4cf55c60f3104832847b932a4eaf775b/?a=0&ch=0&cr=0&dr=0&lr=all&cd=0%7C0%7C0%7C0&cv=1&br=1570&bt=785&bti=OHYpOTY0Zik3OjlmOm01MzE6ZDQ0MDo%3D&cs=0&ds=6&ft=pK~tdMZj8Zmo07ivy94jVNUJ2CFrKsd.&mime_type=video_mp4&qs=0&rc=NTM5NTtmN2gzZjw5NDVpOEBpajVxN2hrdjk0dTMzOzczM0BhNWJhLzIyNjUxL140NV8vYSM1L3Nxc2Y2YDFfLS1hMTZzcw%3D%3D&l=20240205180012D888C05D6CF2C334BF6C&btag=e00088000
6828236500807716000,TECHNOLOGY!!!,markrober,1.1 M,,https://www.tiktok.com/@markrober/video/6828236500807716101,https://v16m-default.akamaized.net/d1adbda046f1e3c2921d47ab640a08bd/65c17699/video/tos/useast2a/tos-useast2a-ve-0068c004/958610e5ccf6434ab4e933c1bfce0e83/?a=0&ch=0&cr=0&dr=0&lr=all&cd=0%7C0%7C0%7C0&cv=1&br=840&bt=420&bti=OHYpOTY0Zik3OjlmOm01MzE6ZDQ0MDo%3D&cs=0&ds=6&ft=pK~tdMZj8Zmo0eivy94jVNUJ2CFrKsd.&mime_type=video_mp4&qs=0&rc=ODpkNmY3NGlnaTk5NWg8ZUBpajY3ODQ2b3NmdTMzZzczM0A2MS9hNV41Xi8xXl4uMl9hYSMycmswaTVeNi5fLS02MTZzcw%3D%3D&l=20240205180015CC595C7E9F612C364185&btag=e00088000
6827181657536122000,I used a drone and some stuff from my house to show just how big and spaced out the planets actually are.,markrober,746.7 K,,https://www.tiktok.com/@markrober/video/6827181657536122117,https://v16m-default.akamaized.net/5751719e204fe070c87f467d1ed235ab/65c176c9/video/tos/useast2a/tos-useast2a-ve-0068c004/5e69c6a670c545fba0d90a8f92e27faf/?a=0&ch=0&cr=0&dr=0&lr=all&cd=0%7C0%7C0%7C0&cv=1&br=2044&bt=1022&bti=OHYpOTY0Zik3OjlmOm01MzE6ZDQ0MDo%3D&cs=0&ds=6&ft=pK~tdMZj8Zmo0Iivy94jVNUJ2CFrKsd.&mime_type=video_mp4&qs=0&rc=ZGk1M2lpZGRmNzU3OmY0ZUBpajU3M3Y1bXdqdDMzNjczM0AzMWFeMzUzX2ExNjY0X2BfYSMvL2hzcGBgXnNfLS0yMTZzcw%3D%3D&l=20240205180018BF2E5F057C1CC135B905&btag=e00088000
6826456312444947000,Sometimes jet propulsion takes a couple triesâ€¦,markrober,852.8 K,,https://www.tiktok.com/@markrober/video/6826456312444947717,https://v16m-default.akamaized.net/c2b12ca8804401c0d630fab4532dce59/65c176a6/video/tos/useast2a/tos-useast2a-pve-0068/08f86ea4d7f946a09b9fc0b08a085109/?a=0&ch=0&cr=0&dr=0&lr=all&cd=0%7C0%7C0%7C0&cv=1&br=1182&bt=591&bti=OHYpOTY0Zik3OjlmOm01MzE6ZDQ0MDo%3D&cs=0&ds=6&ft=pK~tdMZj8Zmo0civy94jVNUJ2CFrKsd.&mime_type=video_mp4&qs=0&rc=ODM2OTg1Ozk2OjRmaTg2ZEBpM3A0cnQ1Om46dDMzZzczM0BiY14wYzBiNTExLTVjNV4tYSNyLXAzLjFrMHJfLS02MTZzcw%3D%3D&l=20240205180021EF5F3D709139EF347C75&btag=e00088000
6824900211664571000,That's no Moon. Itâ€™s a GLOWING Super Mario night kite.,markrober,571.1 K,,https://www.tiktok.com/@markrober/video/6824900211664571653,https://v16m-default.akamaized.net/33eb3abe26b66ab7e4195f4bcabfb945/65c176af/video/tos/useast2a/tos-useast2a-pve-0068/190f2727db6e4edc96c206528465daf0/?a=0&ch=0&cr=0&dr=0&lr=all&cd=0%7C0%7C0%7C0&cv=1&br=1250&bt=625&bti=OHYpOTY0Zik3OjlmOm01MzE6ZDQ0MDo%3D&cs=0&ds=6&ft=pK~tdMZj8Zmo0tivy94jVNUJ2CFrKsd.&mime_type=video_mp4&qs=0&rc=aGg7PGZlOmg7OTxpaTg2OEBpamdlZDNydnlodDMzZzczM0A0NjAwXy81NV4xYmNiM2IyYSMtNi5uYWA0aG9fLS02MTZzcw%3D%3D&l=20240205180024D888C05D6CF2C334C6B7&btag=e00088000
6823421817995234000,Swimming in 25M Orbeez like an all star.,markrober,3.4 M,,https://www.tiktok.com/@markrober/video/6823421817995234566,https://v16m-default.akamaized.net/01de6d193f8740d597f5d2d996214815/65c176bb/video/tos/useast2a/tos-useast2a-ve-0068c001/b6e4b1c793fb41369a1e390c6e99cb31/?a=0&ch=0&cr=0&dr=0&lr=all&cd=0%7C0%7C0%7C0&cv=1&br=4732&bt=2366&bti=OHYpOTY0Zik3OjlmOm01MzE6ZDQ0MDo%3D&cs=0&ds=6&ft=pK~tdMZj8Zmo0Hivy94jVNUJ2CFrKsd.&mime_type=video_mp4&qs=0&rc=OzllN2VmNWc6OmY5ODM1ZUBpanFkNWVsOnJ0dDMzNzczM0AwXzVjMC4wNS4xMWAxLmEzYSNtXl9qNGFkZ2xfLS0xMTZzcw%3D%3D&l=2024020518002702A6CF7CF08AB935CD35&btag=e00088000
6821955066509938000,These guys stole my fake package glitter bomb. Pleas press F to pay respects to their carpet.,markrober,1.6 M,,https://www.tiktok.com/@markrober/video/6821955066509937925,https://v16m-default.akamaized.net/4f385b2931984da2d0c07b79b4d7431a/65c176af/video/tos/useast2a/tos-useast2a-ve-0068c002/b883fee36430494a9bc76360f4b5b637/?a=0&ch=0&cr=0&dr=0&lr=all&cd=0%7C0%7C0%7C0&cv=1&br=1112&bt=556&bti=OHYpOTY0Zik3OjlmOm01MzE6ZDQ0MDo%3D&cs=0&ds=6&ft=pK~tdMZj8Zmo0V.vy94jVNUJ2CFrKsd.&mime_type=video_mp4&qs=0&rc=NDlnZDo6Nzo3OjdoNDc6ZkBpM2hvM3Q1bXY6dDMzOjczM0AzNF9gYDQzNmExXjJhXmEzYSNoMXBvcGBgNGpfLS0yMTZzcw%3D%3D&l=20240205180029DB6B5DEF90F68A349C21&btag=e00088000
6819349324674223000,@mrbeast asks me the most important questions! #everydayscience,markrober,2.1 M,,https://www.tiktok.com/@markrober/video/6819349324674223366,https://v16m-default.akamaized.net/eea9855e3cf242f2c6e0e926fc766556/65c176bd/video/tos/useast2a/tos-useast2a-ve-0068c001/a072de33996c4e3c937d44ad33ae667b/?a=0&ch=0&cr=0&dr=0&lr=all&cd=0%7C0%7C0%7C0&cv=1&br=1372&bt=686&bti=OHYpOTY0Zik3OjlmOm01MzE6ZDQ0MDo%3D&cs=0&ds=6&ft=pK~tdMZj8Zmo0..vy94jVNUJ2CFrKsd.&mime_type=video_mp4&qs=0&rc=OGc2Mzc1OjpnZmc7N2Q7NEBpamZ2cnRmeTRtdDMzPDczM0AxYjRhXi02Xy4xX15iYTEvYSMwbWxza2BrMWVfLS02MTZzcw%3D%3D&l=202402051800344D02D6FBFE63C637093D&btag=e00088000
6816777192043711000,Bait and switch... #plantbasedmeat,markrober,918.2 K,,https://www.tiktok.com/@markrober/video/6816777192043711749,https://v16m-default.akamaized.net/73c47e313b92b159255979af22b3fb0c/65c176be/video/tos/useast2a/tos-useast2a-pve-0068/08299d237e634053afbf7ac48d08602a/?a=0&ch=0&cr=0&dr=0&lr=all&cd=0%7C0%7C0%7C0&cv=1&br=1898&bt=949&bti=OHYpOTY0Zik3OjlmOm01MzE6ZDQ0MDo%3D&cs=0&ds=6&ft=pK~tdMZj8Zmo0p.vy94jVNUJ2CFrKsd.&mime_type=video_mp4&qs=0&rc=aTkzNGQ3NjxkaDo0aGk3O0BpMzNuOGdpPGYzdDMzOTczM0AtXy1iNDJgNV4xYDE2YC80YSMxX29pL2ZfcWFfLS0xMTZzcw%3D%3D&l=20240205180037D745DD4E2211213562BA&btag=e00088000
6816025019144064000,TESTING MY TRUE BELIEF IN PHYSICS!! This should work because the pressure is much lower per nail than if there was just a few.,markrober,5.3 M,,https://www.tiktok.com/@markrober/video/6816025019144064262,https://v16m-default.akamaized.net/c624ea9194733e9cf092d89e596ea65a/65c176c9/video/tos/useast2a/tos-useast2a-pve-0068/30b02e09d4ac4cf7a327950002ba16e6/?a=0&ch=0&cr=0&dr=0&lr=all&cd=0%7C0%7C0%7C0&cv=1&br=1422&bt=711&bti=OHYpOTY0Zik3OjlmOm01MzE6ZDQ0MDo%3D&cs=0&ds=6&ft=pK~tdMZj8Zmo0f.vy94jVNUJ2CFrKsd.&mime_type=video_mp4&qs=0&rc=aDRlaDs2Omc6Zzs1Njk4OUBpajk8aDM0azVwdDMzZDczM0BhLmAvLV4zXzExMTUwYl4yYSNnYWYyLW5eMl9fLS1eMTZzcw%3D%3D&l=2024020518004019AE444DA6FAA135EFB5&btag=e00088000
6814513266547625000,"Exhibit 3,475 in my ongoing quest to be the favorite uncle.",markrober,956.1 K,,https://www.tiktok.com/@markrober/video/6814513266547625221,https://v16m-default.akamaized.net/af4ed07308f1396695ee7d505ebcc09d/65c176cf/video/tos/useast2a/tos-useast2a-ve-0068c004/03616cf47098493687f0cb296f3d268b/?a=0&ch=0&cr=0&dr=0&lr=all&cd=0%7C0%7C0%7C0&cv=1&br=2640&bt=1320&bti=OHYpOTY0Zik3OjlmOm01MzE6ZDQ0MDo%3D&cs=0&ds=6&ft=pK~tdMZj8Zmo0D.vy94jVNUJ2CFrKsd.&mime_type=video_mp4&qs=0&rc=aWk7ZTw1ZjxlPGdlZmk5N0BpajRpaXJ3ZTwzdDMzaDczM0AyYi5hYGI1XzExNGBgYGAzYSM2anBxXzZhNDZfLS0zMTZzcw%3D%3D&l=20240205180043BF2E5F057C1CC135CAAD&btag=e00088000
6813033869030215000,7x the pressure of a fire hose :),markrober,1.4 M,,https://www.tiktok.com/@markrober/video/6813033869030214918,https://v16m-default.akamaized.net/a75a8c1186a0ebb076fe9d438660965a/65c176bc/video/tos/useast2a/tos-useast2a-ve-0068c003/d8c47acf625d446bbb7cfed9b30aefd2/?a=0&ch=0&cr=0&dr=0&lr=all&cd=0%7C0%7C0%7C0&cv=1&br=3450&bt=1725&bti=Ozk3QGo4dik3OjlmMzAuYCM6bTQ0MDo%3D&cs=0&ds=6&ft=pK~tdMZj8Zmo0W.vy94jVNUJ2CFrKsd.&mime_type=video_mp4&qs=0&rc=PGg5OjpkZTY1NmhnNTtoOUBpanFsdTk8dGRmdDMzaDczM0AyNjNeMDMtNi4xL14tMmJgYSMtbWMuZW5oMTNfLS0yMTZzcw%3D%3D&l=202402051800460EA1E3F120CA5E357D19&btag=e00088000
6811543445648182000,Coolest thing ever.,markrober,948.9 K,,https://www.tiktok.com/@markrober/video/6811543445648182534,https://v16m-default.akamaized.net/50a44ea49bfe92a4b1274ea3908dc896/65c176ce/video/tos/useast2a/tos-useast2a-pve-0068/0422a1d7ccb347098ce0abbb9ad8428c/?a=0&ch=0&cr=0&dr=0&lr=all&cd=0%7C0%7C0%7C0&cv=1&br=1620&bt=810&bti=Ozk3QGo4dik3OjlmMzAuYCM6bTQ0MDo%3D&cs=0&ds=6&ft=pK~tdMZj8Zmo0B.vy94jVNUJ2CFrKsd.&mime_type=video_mp4&qs=0&rc=NzhkNzk7NzRkNmYzZzw1OEBpMzNmZnV3OjhxdDMzODczM0A1MjQuXy8uNWExLmJjLS41YSNwazFxL2pnYTBfLS0wMTZzcw%3D%3D&l=20240205180049962523E2D79087348356&btag=e00088000
6810419664213118000,I ran an experiment on germs in a 3rd grade classroom and got some interesting results.,markrober,2.9 M,,https://www.tiktok.com/@markrober/video/6810419664213118214,https://v16m-default.akamaized.net/8722aa71749a13ce05dde3a711b92ed8/65c176ed/video/tos/useast2a/tos-useast2a-pve-0068/b8901fa0e8474e46ab6127ac4f2e8f66/?a=0&ch=0&cr=0&dr=0&lr=all&cd=0%7C0%7C0%7C0&cv=1&br=2270&bt=1135&bti=OHYpOTY0Zik3OjlmOm01MzE6ZDQ0MDo%3D&cs=0&ds=6&ft=pK~tdMZj8Zmo0w.vy94jVNUJ2CFrKsd.&mime_type=video_mp4&qs=0&rc=Z2ZkNWk5M2llZjo6ZDs3OEBpajc6NDZ4NzZxdDMzNTczM0BfLi1hLl4xNl8xNTE2NC0xYSM2LXE0LTJwZS5fLS0zMTZzcw%3D%3D&l=20240205180052AFAEF720AD6D5736755F&btag=e00088000
6808206990360333000,"Iâ€™m teaching science every M/W/F at 1pm PT, live on YouTube. Hold on to your butts...",markrober,463.1 K,,https://www.tiktok.com/@markrober/video/6808206990360333573,https://v16m-default.akamaized.net/e2095829dac9145dfe727a386ad6618e/65c176c7/video/tos/useast2a/tos-useast2a-pve-0068/0a6bd33007294ff9877f33c9dc52fdca/?a=0&ch=0&cr=0&dr=0&lr=all&cd=0%7C0%7C0%7C0&cv=1&br=1710&bt=855&bti=OHYpOTY0Zik3OjlmOm01MzE6ZDQ0MDo%3D&cs=0&ds=6&ft=pK~tdMZj8Zmo04.vy94jVNUJ2CFrKsd.&mime_type=video_mp4&qs=0&rc=NGc6ZDdkZzs4PDpkOTM0NkBpajU3ZmVvcTxzczMzOzczM0AyLzBiMDI0X2IxYDYzNDQ1YSNoazNzZ3NebHFfLS0wMTZzcw%3D%3D&l=202402051800551ADBE14C5504ED36692F&btag=e00088000
6807442659511176000,Why fistbumps > hand shakes,markrober,9.2 M,,https://www.tiktok.com/@markrober/video/6807442659511176454,https://v16m-default.akamaized.net/19b46bcf5e48972d2b4a0d7790e01481/65c176d2/video/tos/useast2a/tos-useast2a-ve-0068c002/a8f749bd663e4b79a6e936855ae7da62/?a=0&ch=0&cr=0&dr=0&lr=all&cd=0%7C0%7C0%7C0&cv=1&br=2608&bt=1304&bti=OHYpOTY0Zik3OjlmOm01MzE6ZDQ0MDo%3D&cs=0&ds=6&ft=pK~tdMZj8Zmo0j.vy94jVNUJ2CFrKsd.&mime_type=video_mp4&qs=0&rc=PDZnOWg3Z2Y6NGYzPDRlOkBpMzZubzo8dHdoczMzOjczM0AuNDE2YF8zX2IxMTZhNS5eYSMtbm1tZW5wNnBfLS0yMTZzcw%3D%3D&l=20240205180057DB6B5DEF90F68A34ACF1&btag=e00088000
6805634316433903000,#quarantinelife. My wife was equal parts impressed and horrified.,markrober,836 K,,https://www.tiktok.com/@markrober/video/6805634316433902853,https://v16m-default.akamaized.net/a91e84388cd8dbbbc3f72a785a2ec930/65c176cc/video/tos/useast2a/tos-useast2a-pve-0068/7cfabbe2650c414fb50fad3683ea8d36/?a=0&ch=0&cr=0&dr=0&lr=all&cd=0%7C0%7C0%7C0&cv=1&br=1120&bt=560&bti=OHYpOTY0Zik3OjlmOm01MzE6ZDQ0MDo%3D&cs=0&ds=6&ft=pK~tdMZj8Zmo0q.vy94jVNUJ2CFrKsd.&mime_type=video_mp4&qs=0&rc=NDRmPDRoOmRoODg1NGgzaEBpamdyOzozaW86czMzNjczM0BgMy0tMjNjNl4xMjI2Y2MyYSMvL2ExYTZzZG1fLS0uMTZzcw%3D%3D&l=20240205180100A92F9F031F66E734628A&btag=e00088000
6804093342989684000,If you add air in just the right way... sand turns into liquid,markrober,4.2 M,,https://www.tiktok.com/@markrober/video/6804093342989683973,https://v16m-default.akamaized.net/1136d82095ab938e633ecfa3cc93c349/65c176d0/video/tos/useast2a/tos-useast2a-pve-0068/b8f4f0a929ca4f80a73ae27260ea908f/?a=0&ch=0&cr=0&dr=0&lr=all&cd=0%7C0%7C0%7C0&cv=1&br=2612&bt=1306&bti=OHYpOTY0Zik3OjlmOm01MzE6ZDQ0MDo%3D&cs=0&ds=6&ft=pK~tdMZj8Zmo09.vy94jVNUJ2CFrKsd.&mime_type=video_mp4&qs=0&rc=ZGlnZ2ZmNWY8ZTVoN2Y5ZUBpM207OjpwZGhpczMzNTczM0AvL2JgMy9hXjQxNTMzLTBfYSNgaG9jX2dhcWpfLS1iMTZzcw%3D%3D&l=2024020518010302A6CF7CF08AB935E028&btag=e00088000
6802693172070780000,"It's not cheating, it's playing to your strengths :)",markrober,9.7 M,,https://www.tiktok.com/@markrober/video/6802693172070780165,https://v16m-default.akamaized.net/ddf5ea386582234c092f38cbd8c76ed1/65c176d5/video/tos/useast2a/tos-useast2a-ve-0068c002/ba8364980d9d4771b2b2eea985a37a7a/?a=0&ch=0&cr=0&dr=0&lr=all&cd=0%7C0%7C0%7C0&cv=1&br=3244&bt=1622&bti=OHYpOTY0Zik3OjlmOm01MzE6ZDQ0MDo%3D&cs=0&ds=6&ft=pK~tdMZj8Zmo0v.vy94jVNUJ2CFrKsd.&mime_type=video_mp4&qs=0&rc=NWY1MzQ6ZWU4aGZpaDs4OEBpamppeXQ6OHAzczMzOjczM0BhLS4wXi5hXjExMV8wNF8yYSM0amk0LmRnXmhfLS02MTZzcw%3D%3D&l=20240205180107459098D63ACC4235C345&btag=e00088000
6801187204182855000,150ft (45m) drop. Car vs. World's Strongest Trampoline.,markrober,4.4 M,,https://www.tiktok.com/@markrober/video/6801187204182854917,https://v16m-default.akamaized.net/29d28305fca0a3ff615d5e20d32a7b3f/65c176cf/video/tos/useast2a/tos-useast2a-ve-0068c003/cb9cad96666b4886b28bb72f41bc6a2d/?a=0&ch=0&cr=0&dr=0&lr=all&cd=0%7C0%7C0%7C0&cv=1&br=1712&bt=856&bti=OHYpOTY0Zik3OjlmOm01MzE6ZDQ0MDo%3D&cs=0&ds=6&ft=pK~tdMZj8Zmo0a.vy94jVNUJ2CFrKsd.&mime_type=video_mp4&qs=0&rc=N2Y1Ojk0OzQ4aWRoM2ZpNEBpM2plZTUzaWdkczMzPDczM0AtNF80NjU2NmIxYV5iNmNeYSMwcHNzYTZza2VfLS0uMTZzcw%3D%3D&l=202402051801109ADE4A65963DF8353C4A&btag=e00088000
6800429947526696000,Car vs. World's Strongest Trampoline. Full 180.,markrober,591.3 K,,https://www.tiktok.com/@markrober/video/6800429947526696197,https://v16m-default.akamaized.net/6604827cb32982aca0d33dbe7489270e/65c176da/video/tos/useast2a/tos-useast2a-pve-0068/141056f29c364076bbdf8422351cf3ec/?a=0&ch=0&cr=0&dr=0&lr=all&cd=0%7C0%7C0%7C0&cv=1&br=3338&bt=1669&bti=Ozk3QGo4dik3OjlmMzAuYCM6bTQ0MDo%3D&cs=0&ds=6&ft=pK~tdMZj8Zmo0u.vy94jVNUJ2CFrKsd.&mime_type=video_mp4&qs=0&rc=OTMzPDc6OGc1Ojk2ZTw1ZUBpMzZwcWp3Ond5czMzZzczM0BgYS1fYGMyNi0xMC82NTAwYSMwaWlyL2pnaWNfLS1eMTZzcw%3D%3D&l=2024020518011209E4F697C6CBE035B783&btag=e00088000
6762651188233031000,You donâ€™t need to be good at darts if youâ€™re good at engineering.,markrober,8.2 M,,https://www.tiktok.com/@markrober/video/6762651188233030918,https://v16m-default.akamaized.net/1a86a6b67a2e55a5d49f61ff6be210bd/65c176de/video/tos/useast2a/tos-useast2a-ve-0068/4b7b7dc325044709a482fd95e3516170/?a=0&ch=0&cr=0&dr=0&lr=all&cd=0%7C0%7C0%7C0&cv=1&br=1702&bt=851&bti=Ozk3QGo4dik3OjlmMzAuYCM6bTQ0MDo%3D&cs=0&ds=6&ft=pK~tdMZj8Zmo07.vy94jVNUJ2CFrKsd.&mime_type=video_mp4&qs=0&rc=aTZoODRlZ2VlaTM4OzVpaUBpam81aXZwdnJ2cTMzZzczM0BiMDNiLmJjXmMxXzE2Yy9fYSNwMS9vbmpzM2BfLS0wMTZzcw%3D%3D&l=202402051801164ABFE9A566941936A0CE&btag=e00088000
6760010276042558000,You donâ€™t need to be good at bowling if youâ€™re good at engineering.,markrober,4.6 M,,https://www.tiktok.com/@markrober/video/6760010276042558726,https://v16m-default.akamaized.net/44c1729bb76f5e5b1662c49e498b152b/65c176e2/video/tos/useast2a/tos-useast2a-ve-0068/97765385fb1341dd9aedf60d7f049100/?a=0&ch=0&cr=0&dr=0&lr=all&cd=0%7C0%7C0%7C0&cv=1&br=1856&bt=928&bti=OHYpOTY0Zik3OjlmOm01MzE6ZDQ0MDo%3D&cs=0&ds=6&ft=pK~tdMZj8Zmo0e.vy94jVNUJ2CFrKsd.&mime_type=video_mp4&qs=0&rc=OjdpZWdlaTw8ZWk8ZGdkNEBpam9nZTg5b3A5cTMzODczM0BhNjBjMDYyX2ExNTZfX181YSNuMWxeXzYwLzVfLS1jMTZzcw%3D%3D&l=202402051801194D02D6FBFE63C6372286&btag=e00088000
6758946978530430000,@zachking @mrbeast #teamtrees teamtrees.org,markrober,986.8 K,,https://www.tiktok.com/@markrober/video/6758946978530430213,https://v16m-default.akamaized.net/4c9d0b79e3a7d1ab8512da8d99be1f96/65c176e8/video/tos/useast2a/tos-useast2a-ve-0068/84f6de0ae21549d6ab899f7f36712fcc/?a=0&ch=0&cr=0&dr=0&lr=all&cd=0%7C0%7C0%7C0&cv=1&br=2570&bt=1285&bti=OHYpOTY0Zik3OjlmOm01MzE6ZDQ0MDo%3D&cs=0&ds=6&ft=pK~tdMZj8Zmo0g.vy94jVNUJ2CFrKsd.&mime_type=video_mp4&qs=0&rc=PDplZGQ2Ojc3Z2hnNWg7ZEBpam42Nmx2eXQ8cTMzOjczM0AwNDU1YzUzXzAxMDVjYDYyYSM0cjBlaGNmaDNfLS00MTZzcw%3D%3D&l=202402051801224BF42C0C3E298134C105&btag=e00088000
